-- phpMyAdmin SQL Dump
-- version 4.9.0.1
-- https://www.phpmyadmin.net/
--
-- Host: 127.0.0.1
-- Generation Time: Jun 20, 2019 at 09:56 AM
-- Server version: 10.3.15-MariaDB
-- PHP Version: 7.3.6

SET SQL_MODE = "NO_AUTO_VALUE_ON_ZERO";
SET AUTOCOMMIT = 0;
START TRANSACTION;
SET time_zone = "+00:00";


/*!40101 SET @OLD_CHARACTER_SET_CLIENT=@@CHARACTER_SET_CLIENT */;
/*!40101 SET @OLD_CHARACTER_SET_RESULTS=@@CHARACTER_SET_RESULTS */;
/*!40101 SET @OLD_COLLATION_CONNECTION=@@COLLATION_CONNECTION */;
/*!40101 SET NAMES utf8mb4 */;

--
-- Database: `fms_cvs_db`
--

-- --------------------------------------------------------

--
-- Table structure for table `courses`
--

CREATE TABLE `courses` (
  `course_id` int(11) NOT NULL COMMENT 'Course ID',
  `course_code` varchar(10) COLLATE utf8_unicode_ci NOT NULL COMMENT 'Course Code',
  `course_name_th` varchar(100) COLLATE utf8_unicode_ci NOT NULL COMMENT 'Course Thai Name',
  `course_name_en` varchar(100) COLLATE utf8_unicode_ci NOT NULL COMMENT 'Course English Name',
  `major_id` varchar(15) COLLATE utf8_unicode_ci NOT NULL COMMENT 'Major ID',
  `course_default` tinyint(4) NOT NULL COMMENT 'sub_course_code',
  `course_credit` varchar(20) COLLATE utf8_unicode_ci NOT NULL COMMENT 'No of Credit(s)',
  `study_level_id` tinyint(4) NOT NULL,
  `is_mapped` tinyint(1) NOT NULL DEFAULT 0 COMMENT 'Is it mapped with elos?',
  `course_status` tinyint(1) NOT NULL COMMENT 'Course Status',
  `created_by` varchar(10) COLLATE utf8_unicode_ci NOT NULL COMMENT 'User ID',
  `created_date` timestamp NOT NULL DEFAULT current_timestamp()
) ENGINE=InnoDB DEFAULT CHARSET=utf8 COLLATE=utf8_unicode_ci;

--
-- Dumping data for table `courses`
--

INSERT INTO `courses` (`course_id`, `course_code`, `course_name_th`, `course_name_en`, `major_id`, `course_default`, `course_credit`, `study_level_id`, `is_mapped`, `course_status`, `created_by`, `created_date`) VALUES
(14750, '477-306', 'การฝึกงานระบบสารสนเทศ ', 'TRAINING IN INFORMATION SYSTEM ', '', 127, '0(0-320-0)', 6, 0, 1, 'admin', '0000-00-00 00:00:00'),
(15013, '464-380', 'การฝึกงานทางการบัญชี ', 'ACCOUNTING INTERNSHIP ', '', 127, '0(0-320-0)', 6, 0, 1, 'admin', '0000-00-00 00:00:00'),
(15204, '474-307', 'การฝึกงานทางการตลาด ', 'TRAINING IN MARKETING ', '', 127, '0(0-320-0)', 6, 0, 1, 'admin', '0000-00-00 00:00:00'),
(15228, '473-304', 'การฝึกงานทางการเงิน ', 'FINANCE INTERNSHIP ', '', 127, '0(0-320-0)', 6, 0, 1, 'admin', '0000-00-00 00:00:00'),
(15258, '475-300', 'การฝึกงานทางด้านการบริหาร ทรัพยากรมนุษย์ ', 'TRAINING IN HUMAN RESOURCE MANAGEMENT ', '', 127, '0(0-320-0)', 6, 0, 1, 'admin', '0000-00-00 00:00:00'),
(15424, '472-300', 'การฝึกงาน ', 'TRAINING IN MANAGEMENT ', '', 127, '0(0-320-0)', 6, 0, 1, 'admin', '0000-00-00 00:00:00'),
(15667, '465-472', 'รัฐประศาสนศาสตร์ปฏิบัติการ ', 'PUBLIC ADMINISTRATION TRAINING ', '', 127, '0(0-250-0)', 6, 0, 1, 'admin', '0000-00-00 00:00:00'),
(16699, '478-304', 'ฝึกงานทางการจัดการ การท่องเที่ยวในอุตสาหกรรมไมซ์ ', 'INTERNSHIP IN TOURISM MANAGEMENT IN MICE INDUSTRY ', '', 127, '0(0-320-0)', 6, 0, 1, 'admin', '0000-00-00 00:00:00'),
(18355, '476-300', 'การฝึกงานทางด้านโลจิสติกส์ ', 'TRAINING IN LOGISTICS AND ', '', 127, '0(0-320-0)', 6, 0, 1, 'admin', '0000-00-00 00:00:00'),
(20152, '472-510', 'ธุรกิจแบบเข้มข้นสำหรับ ผู้บริหาร ', 'INTENSIVE BUSINESS FOR EXECUTIVES ', '', 127, '3(3-0-6)', 4, 0, 1, 'admin', '0000-00-00 00:00:00'),
(20153, '472-511', 'วิจัยแบบเข้มข้นสำหรับ ผู้บริหาร ', 'INTENSIVE RESEARCH FOR EXECUTIVES ', '', 127, '3(3-0-6)', 4, 0, 1, 'admin', '0000-00-00 00:00:00'),
(20154, '472-512', 'สถิติสำหรับการวิจัย ', 'STATISTICS FOR RESEARCH ', '', 127, '3(3-0-6)', 4, 0, 1, 'admin', '0000-00-00 00:00:00'),
(20734, '475-300', 'การฝึกงานทางด้านการจัดการ ทรัพยากรมนุษย์ ', 'HUMAN RESOURCE MANAGEMENT INTERNSHIP ', '', 127, '0(0-320-0)', 6, 0, 1, 'admin', '0000-00-00 00:00:00');

-- --------------------------------------------------------

--
-- Table structure for table `departments`
--

CREATE TABLE `departments` (
  `dept_id` varchar(10) COLLATE utf8_unicode_ci NOT NULL COMMENT 'Department ID',
  `dept_name_th` varchar(50) COLLATE utf8_unicode_ci NOT NULL COMMENT 'Department Thai Name',
  `dept_name_en` varchar(50) COLLATE utf8_unicode_ci NOT NULL COMMENT 'Department English Name',
  `dept_status` tinyint(1) NOT NULL COMMENT 'Department Status',
  `created_by` varchar(10) COLLATE utf8_unicode_ci NOT NULL COMMENT 'User ID',
  `created_date` timestamp NOT NULL DEFAULT current_timestamp()
) ENGINE=InnoDB DEFAULT CHARSET=utf8 COLLATE=utf8_unicode_ci;

--
-- Dumping data for table `departments`
--

INSERT INTO `departments` (`dept_id`, `dept_name_th`, `dept_name_en`, `dept_status`, `created_by`, `created_date`) VALUES
('083', 'ภาควิชาบริหารธุรกิจ', 'Department of  Business Administration', 1, 'test', '2019-06-19 04:09:51'),
('084', 'ภาควิชารัฐประศาสนศาสตร์', 'Department of  Public Administration', 1, 'test', '2019-06-19 04:10:14'),
('198', 'คณะวิทยาการจัดการ', 'Doctor of Philosophy (Management) ', 1, 'test', '2019-06-20 03:30:18'),
('276', 'ผู้ร่วมเรียน', 'PART - TIME STUDENT', 1, 'test', '2019-06-20 02:32:08'),
('371', 'ภาควิชาการบัญชี', 'Department of Accountancy', 1, 'test', '2019-06-19 04:10:50');

-- --------------------------------------------------------

--
-- Table structure for table `elos`
--

CREATE TABLE `elos` (
  `elo_id` varchar(18) COLLATE utf8_unicode_ci NOT NULL COMMENT 'Major ID + "-99"',
  `elo_desc` varchar(200) COLLATE utf8_unicode_ci NOT NULL COMMENT 'ELO Description',
  `elo_type` char(1) COLLATE utf8_unicode_ci NOT NULL COMMENT '5 Learning Outcome Types',
  `major_id` varchar(15) COLLATE utf8_unicode_ci NOT NULL COMMENT 'Major ID',
  `elo_status` tinyint(1) NOT NULL COMMENT 'ELO Status',
  `created_by` varchar(10) COLLATE utf8_unicode_ci NOT NULL COMMENT 'User ID',
  `created_date` timestamp NOT NULL DEFAULT current_timestamp()
) ENGINE=InnoDB DEFAULT CHARSET=utf8 COLLATE=utf8_unicode_ci;

-- --------------------------------------------------------

--
-- Table structure for table `elos_mapping`
--

CREATE TABLE `elos_mapping` (
  `course_id` varchar(10) COLLATE utf8_unicode_ci NOT NULL COMMENT 'Course ID',
  `elo_id` varchar(18) COLLATE utf8_unicode_ci NOT NULL COMMENT 'ELO ID',
  `is_verified` tinyint(1) NOT NULL COMMENT 'Is it verified?',
  `created_by` varchar(10) COLLATE utf8_unicode_ci NOT NULL COMMENT 'User ID',
  `created_date` timestamp NOT NULL DEFAULT current_timestamp() COMMENT 'Created Date'
) ENGINE=InnoDB DEFAULT CHARSET=utf8 COLLATE=utf8_unicode_ci;

-- --------------------------------------------------------

--
-- Table structure for table `lecturers`
--

CREATE TABLE `lecturers` (
  `lecturer_id` varchar(8) CHARACTER SET utf32 COLLATE utf32_unicode_ci NOT NULL COMMENT 'Lecturer ID',
  `title_th` tinyint(4) NOT NULL COMMENT '1=นาย 2=น.ส. 3=นาง 4=อ. 5=ดร. 6=ผศ. 7=ผศ.ดร. 8=รศ. 9=รศ.ดร. 10=ศ.',
  `title_en` tinyint(4) DEFAULT NULL COMMENT '1=Mr. 2=Ms. 3=Mrs. 4=Instructor 5=Dr. 6=Asst.Prof. 7=Asst.Prof.Dr. 8=Assoc.Prof. 9=Assoc.Prof.Dr. 10=Prof.',
  `lecturer_name_th` varchar(100) COLLATE utf8_unicode_ci NOT NULL COMMENT 'Lecturer Thai Name',
  `lecturer_name_en` varchar(100) COLLATE utf8_unicode_ci DEFAULT NULL COMMENT 'Lecturer English Name',
  `major_id` varchar(15) COLLATE utf8_unicode_ci NOT NULL COMMENT 'Major ID',
  `lecturer_email` varchar(50) COLLATE utf8_unicode_ci DEFAULT NULL COMMENT 'Lecturer Email',
  `lecturer_remark` varchar(100) COLLATE utf8_unicode_ci DEFAULT NULL COMMENT 'Remark',
  `lecturer_status` tinyint(1) NOT NULL COMMENT 'Lecturer Status',
  `created_by` varchar(10) COLLATE utf8_unicode_ci NOT NULL COMMENT 'User ID',
  `created_date` timestamp NOT NULL DEFAULT current_timestamp() ON UPDATE current_timestamp() COMMENT 'Created Date'
) ENGINE=InnoDB DEFAULT CHARSET=utf8 COLLATE=utf8_unicode_ci;

--
-- Dumping data for table `lecturers`
--

INSERT INTO `lecturers` (`lecturer_id`, `title_th`, `title_en`, `lecturer_name_th`, `lecturer_name_en`, `major_id`, `lecturer_email`, `lecturer_remark`, `lecturer_status`, `created_by`, `created_date`) VALUES
('0001899', 6, 6, 'จิราวรรณ สำอางศรี', 'JIRAWAN SAMANGSRI', 'FMS-BA-BIS', NULL, NULL, 1, '', '2019-06-19 02:49:51'),
('0001950', 7, 7, 'ปริญญา เชาวนาศัย', 'PARINYA SHOWANASAI', 'FMS-BA-BIS', NULL, NULL, 1, '', '2019-06-09 00:08:14'),
('0001953', 5, 5, 'อารีย์ ลิ้มวุฒิไกรจิรัฐ', 'AREE LIMWUDHIKRAIJIRATH', 'FMS-BA-BIS', NULL, NULL, 1, '', '2019-06-09 00:08:49'),
('0001961', 6, 6, 'เกื้อกูล สุนันทเกษม', 'KUERKOON SUNANDHAKASEM', 'FMS-BA-MK', NULL, NULL, 1, '', '2019-06-09 00:09:09'),
('0001967', 5, 5, 'ณัฐธิดา สุวรรณโณ', 'NUTTIDA SUWANNO', 'FMS-BA-BIS', NULL, NULL, 1, '', '2019-06-09 00:09:33'),
('0001968', 9, 9, 'ศศิวิมล สุขบท', 'SASIWEMON SUKAHBOT', 'FMS-BA-MK', NULL, NULL, 1, '', '2019-06-09 00:10:09'),
('0001976', 4, 4, 'พัลลภัช เพ็ญจำรัส', 'PALLAPAT PENJUMRUS', 'FMS-BA-LM', NULL, NULL, 1, '', '2019-06-09 00:10:29'),
('0002219', 6, 6, 'ธีรวัฒน์ หังสพฤกษ์', 'THEERAWAT HUNGSAPRUEK', 'FMS-BA-BIS', NULL, NULL, 1, '', '2019-06-09 00:10:45'),
('0003420', 4, 4, 'เยาวเรศ เลขะกุล พรหมอินทร์', 'YAOWARES LEKHAKUL PROMIN', 'FMS-BA-MK', NULL, NULL, 1, '', '2019-06-09 00:11:03'),
('0006348', 5, 5, 'จันทวรรณ ปิยะวัฒน์', 'JANTAWAN PIYAWAT', 'FMS-BA-BIS', NULL, NULL, 1, '', '2019-06-09 00:11:21'),
('0006607', 7, 7, 'วชิราภรณ์ จันทร์โพธนุกุล', 'WACHIRAPORN JANPHOTANUKUL', 'FMS-BA-LM', NULL, NULL, 1, '', '2019-06-09 00:11:54'),
('0006821', 5, 5, 'พัฒนิจ โกญจนาท', 'PATTANIJ GONEJANART', 'FMS-BA-HRM', NULL, NULL, 1, '', '2019-06-09 00:12:24'),
('0008527', 5, 5, 'ธนาวุธ แสงกาศนีย์', 'THANAWUT SAENGKASSANEE', 'FMS-BA-FIN', NULL, NULL, 1, '', '2019-06-09 00:21:35'),
('0008945', 0, NULL, 'YOSHIFUMI HARADA', 'YOSHIFUMI HARADA', '', 'yoshifumi.h@psu.ac.th', NULL, 1, '', '2019-06-08 06:35:54'),
('0010518', 4, 4, 'อรรถพร หวังพูนทรัพย์', 'ATTAPORN WANGPOONSARP', 'FMS-BA-BIS', NULL, NULL, 1, '', '2019-06-09 04:51:16'),
('0011132', 5, 5, 'สุนันทา เหมทานนท์', 'SUNUNTHA HAMTHANONT', 'FMS-BA-MK', NULL, NULL, 1, '', '2019-06-09 04:51:34'),
('0014400', 5, 5, 'ณติกา ไชยานุพงศ์', 'NATIKA CHAIYANUPONG', 'FMS-BA-HRM', NULL, NULL, 1, '', '2019-06-09 04:51:53'),
('0015409', 5, 5, 'กุลกานต์ เมเวส', 'KUNLAGAN MEWES', 'FMS-BA-HRM', NULL, NULL, 1, '', '2019-06-09 04:52:06'),
('0016693', 4, 4, 'ณัฐกานต์ รัตนพันธุ์', 'NATTAKAN RATTAPAN', 'FMS-BA-MICE', NULL, NULL, 1, '', '2019-06-09 04:52:22'),
('0016843', 4, 4, 'ลภัสวัฒน์ ศุภผลกุลนันทร์', 'LAPHASSAWAT SUBPHONKULANAN', 'FMS-BA-MK', NULL, NULL, 1, '', '2019-06-09 04:53:01'),
('0017302', 5, 5, 'ดรณีกร สุปันตี', 'DARANEEKORN SUPANTI', 'FMS-BA-HRM', NULL, NULL, 1, '', '2019-06-18 09:55:27'),
('0017307', 0, NULL, 'พเนิน อินทะระ', 'PANERN INTARA', '', 'panern.i@psu.ac.th', NULL, 1, '', '2019-06-08 06:35:54'),
('0017308', 0, NULL, 'กลางใจ แสงวิจิตร', 'KLANGJAI SANGWICHITR', '', 'klangjai.s@psu.ac.th', NULL, 1, '', '2019-06-08 06:35:54'),
('0017309', 0, NULL, 'สุมนา ลาภาโรจน์กิจ', 'SUMANA LAPAROJKIT', '', 'sumana.l@psu.ac.th', NULL, 1, '', '2019-06-08 06:35:54'),
('0020426', 0, NULL, 'ธีรศักดิ์ จินดาบถ', 'TEERASAK JINDABOT', '', 'teerasak.j@psu.ac.th', NULL, 1, '', '2019-06-08 06:35:54'),
('0023495', 0, NULL, 'พริดา วิภูภิญโญ', 'PARIDA WIPOOPINYO', '', '', NULL, 1, '', '2019-06-08 06:35:54'),
('0024121', 0, NULL, 'รุชดี บิลหมัด', 'RUCHDEE BINMAD', '', 'ruchdee.b@psu.ac.th', NULL, 1, '', '2019-06-08 06:35:54'),
('0024122', 0, NULL, 'ศรัณยู กาญจนสุวรรณ', 'SARUNYOO KANCHANASUWAN', '', 'sarunyoo.k@psu.ac.th', NULL, 1, '', '2019-06-08 06:35:54'),
('0024123', 0, NULL, 'ทรงสิน ธีระกุลพิศุทธิ์', 'SONGSIN TEERAKUNPISUT', '', 'songsin.t@psu.ac.th', NULL, 1, '', '2019-06-08 06:35:54'),
('0026792', 0, NULL, 'ธนิถา แสงวิเชียร', 'THANITHA SANGWICHIEN', '', 'thanitha.sa@psu.ac.th', NULL, 1, '', '2019-06-08 06:35:54'),
('0029067', 0, NULL, 'ดนุพล ทิพย์พงศ์', 'DANUPHON TIPPONG', '', 'danuphon.t@psu.ac.th', NULL, 1, '', '2019-06-08 06:35:54'),
('0029069', 0, NULL, 'สุพิชชา เอกอุรุ', 'SUPHITCHA EK-URU', '', 'suphitcha.ek@psu.ac.th', NULL, 1, '', '2019-06-08 06:35:54'),
('0029081', 0, NULL, 'กาญจนาถ จงภักดี', 'KANCHANAT CHONGPHAKDI', '', 'kanjanat4@hotmail.com', NULL, 1, '', '2019-06-08 06:35:54'),
('0030102', 0, NULL, 'วันอามีนา บอสตันอลี', 'WANAMINA BOSTANALI', '', 'wanamina.w@psu.ac.th', NULL, 1, '', '2019-06-08 06:35:54'),
('0031052', 0, NULL, 'ศิรินุช ลอยกุลนันท์', 'SIRINUCH LOYKULNANTA', '', 'sirinuch.l@psu.ac.th', NULL, 1, '', '2019-06-08 06:35:54'),
('0032403', 0, NULL, 'สุริยันต์ จอมธนชัย', 'SURIYAN JOMTHANACHAI', '', 'n_suriyan@hotmail.com', NULL, 1, '', '2019-06-08 06:35:54'),
('0032643', 0, NULL, 'กันต์ฤทัย ชาญชัยชูจิต', 'KANRUTHAI CHANCHAICHUJIT', '', 'kanruthai.c@psu.ac.th', NULL, 1, '', '2019-06-08 06:35:54'),
('0032798', 0, NULL, 'ดวงธิดา พัฒโน', 'DUANGTIDA PATTANO', '', 'ajduangtida@gmail.com', NULL, 1, '', '2019-06-08 06:35:54'),
('0033017', 0, NULL, 'พัชราภรณ์ บุญเลื่อง', 'PATCHARAPORN BUNLUENG', '', 'patcharaporn.b@psu.ac.th', NULL, 1, '', '2019-06-08 06:35:54'),
('0033927', 0, NULL, 'ภูมิ ชี้เจริญ', 'POOM CHEECHAROEN', '', 'poom.c@psu.ac.th', NULL, 1, '', '2019-06-08 06:35:54'),
('0034352', 0, NULL, 'ARNO T IMMELMAN', 'ARNO IMMELMAN', '', 'arno.immelman@gmail.com', NULL, 1, '', '2019-06-08 06:35:54'),
('0036369', 0, NULL, 'ศรรสนีย์ สังข์สุวรรณ', 'SANSANEE SANGSUWAN', '', 'sansanee.sa@psu.ac.th', NULL, 1, '', '2019-06-08 06:35:54'),
('0037425', 0, NULL, 'ธนภัทร์ ธชพันธ์', 'THANAPHAT TACHAPHAN', '', 'thanaphat.t@hotmail.co.th', NULL, 1, '', '2019-06-08 06:35:54');

-- --------------------------------------------------------

--
-- Table structure for table `majors`
--

CREATE TABLE `majors` (
  `major_id` varchar(15) COLLATE utf8_unicode_ci NOT NULL COMMENT 'Major ID',
  `major_name_th` varchar(100) COLLATE utf8_unicode_ci NOT NULL COMMENT 'Major Thai Name',
  `major_name_en` varchar(100) COLLATE utf8_unicode_ci NOT NULL COMMENT 'Major English Name',
  `dept_id` varchar(10) COLLATE utf8_unicode_ci NOT NULL COMMENT 'Department ID',
  `major_status` tinyint(1) NOT NULL COMMENT 'Major Status',
  `created_by` varchar(10) COLLATE utf8_unicode_ci NOT NULL COMMENT 'User ID',
  `created_date` timestamp NOT NULL DEFAULT current_timestamp()
) ENGINE=InnoDB DEFAULT CHARSET=utf8 COLLATE=utf8_unicode_ci;

--
-- Dumping data for table `majors`
--

INSERT INTO `majors` (`major_id`, `major_name_th`, `major_name_en`, `dept_id`, `major_status`, `created_by`, `created_date`) VALUES
('0460', 'บริหารธุรกิจ', 'BUSINESS ADMINISTRATION', '083', 1, 'admin', '2019-06-20 03:27:17'),
('0463', 'บริหารธุรกิจ(การเงิน)', 'BUSINESS ADMINISTRATION (FINANCE)', '083', 1, 'admin', '2019-06-20 03:27:17'),
('0464', 'บริหารธุรกิจ(การตลาด)', 'BUSINESS ADMINTRATION (MARKETING)', '083', 1, 'admin', '2019-06-20 03:27:17'),
('0465', 'รัฐประศาสนศาสตร์', 'PUBLIC ADMINISTRATION', '084', 1, 'admin', '2019-06-20 03:27:17'),
('0466', 'การจัดการการท่องเที่ยว', 'TOURISM MANAGEMENT', '083', 1, 'admin', '2019-06-20 03:27:17'),
('0467', 'การจัดการโลจิสติกส์', 'LOGISTICS MANAGEMENT', '083', 1, 'admin', '2019-06-20 03:27:17'),
('0479', 'บริหารธุรกิจ(การบริหารทรัพยากรมนุษย์)', 'BUSINESS ADMINISTRATION(HUMAN RESOURCE MANAGEMENT)', '083', 1, 'admin', '2019-06-20 03:27:17'),
('0480', 'การจัดการ (ภาษาอังกฤษ)', 'MANAGEMENT (ENGLISH PROGRAM)', '083', 1, 'admin', '2019-06-20 03:27:17'),
('0483', 'การจัดการ', 'MANAGEMENT', '198', 1, 'admin', '2019-06-20 03:27:17'),
('0484', 'ระบบสารสนเทศ', 'INFORMATION SYSTEM', '083', 1, 'admin', '2019-06-20 03:27:17'),
('0485', 'บริหารธุรกิจ(การจัดการเทคโนโลยีสารสนเทศ)', 'BUSINESS ADMINISTRATION(INFORMATION TECHNOLOGY MANAGEMENT)', '083', 1, 'admin', '2019-06-20 03:27:17'),
('0486', 'บัญชีบัณฑิต', 'ACCOUNTANCY', '083', 1, 'admin', '2019-06-20 03:27:17'),
('0487', 'บัญชีมหาบัณฑิต', 'ACCOUNTANCY', '083', 1, 'admin', '2019-06-20 03:27:17'),
('0488', 'การจัดการประชุม นิทรรศการ และการท่องเที่ยวเพื่อเป็นรางวัล', 'MEETING INCENTIVE CONVENTION AND EXHIBITION MANAGEMENT', '083', 1, 'admin', '2019-06-20 03:27:17'),
('0489', 'ระบบสารสนเทศทางธุรกิจ', 'BUSINESS INFORMATION SYSTEM', '083', 1, 'admin', '2019-06-20 03:27:17'),
('0491', 'การเงิน', 'FINANCE', '083', 1, 'admin', '2019-06-20 03:27:17'),
('0492', 'การตลาด', 'MARKETING', '083', 1, 'admin', '2019-06-20 03:27:17'),
('0493', 'การบริหารทรัพยากรมนุษย์', 'HUMAN RESOURCE MANAGEMENT', '083', 1, 'admin', '2019-06-20 03:27:17'),
('0494', 'การจัดการทรัพยากรมนุษย์', 'HUMAN RESOURCE MANAGEMENT', '083', 1, 'admin', '2019-06-20 03:27:17'),
('0495', 'การจัดการในอิสลาม', 'ISLAMIC MANAGEMENT', '083', 1, 'admin', '2019-06-20 03:27:17'),
('A472', 'การจัดการและการปกครองท้องถิ่น', 'MANAGEMENT AND LOCAL ADMINISTRATION', '084', 1, 'admin', '2019-06-20 03:27:17'),
('B472', 'การจัดการทรัพยากรมนุษย์', 'HUMAN RESOURCE MANAGEMENT', '084', 1, 'admin', '2019-06-20 03:27:17'),
('C472', 'นโยบายสาธารณะและการวางแผน', 'PUBLIC POLICY AND PLANNING', '084', 1, 'admin', '2019-06-20 03:27:17'),
('D472', 'องค์การและการจัดการ', 'ORGANIZATION AND MANAGEMENT', '084', 1, 'admin', '2019-06-20 03:27:17');

-- --------------------------------------------------------

--
-- Table structure for table `settings`
--

CREATE TABLE `settings` (
  `fac_name_th` varchar(100) COLLATE utf8_unicode_ci NOT NULL COMMENT 'Faculty Thai Name',
  `fac_name_en` varchar(100) COLLATE utf8_unicode_ci NOT NULL COMMENT 'Faculty English Name',
  `curr_semester` char(1) COLLATE utf8_unicode_ci NOT NULL COMMENT 'Current Semester',
  `curr_ac_year` char(4) COLLATE utf8_unicode_ci NOT NULL COMMENT 'Current Academic Year',
  `updated_by` varchar(10) COLLATE utf8_unicode_ci NOT NULL,
  `updated_date` timestamp NOT NULL DEFAULT current_timestamp()
) ENGINE=InnoDB DEFAULT CHARSET=utf8 COLLATE=utf8_unicode_ci;

--
-- Dumping data for table `settings`
--

INSERT INTO `settings` (`fac_name_th`, `fac_name_en`, `curr_semester`, `curr_ac_year`, `updated_by`, `updated_date`) VALUES
('คณะวิทยาการจัดการ', 'Management Sciences', '3', '2561', 'test', '2019-06-20 01:28:19');

-- --------------------------------------------------------

--
-- Table structure for table `student_regist`
--

CREATE TABLE `student_regist` (
  `regist_id` int(5) NOT NULL,
  `student_id` char(10) NOT NULL,
  `edu_term` char(1) DEFAULT NULL,
  `edu_year` char(4) DEFAULT NULL,
  `section_offer_id` varchar(20) DEFAULT NULL,
  `subjectid` varchar(10) DEFAULT NULL,
  `deptid` varchar(5) DEFAULT NULL,
  `secid` varchar(3) DEFAULT NULL,
  `lecturer_id` varchar(0) DEFAULT NULL,
  `add_date` timestamp NULL DEFAULT current_timestamp()
) ENGINE=InnoDB DEFAULT CHARSET=utf8;

--
-- Dumping data for table `student_regist`
--

INSERT INTO `student_regist` (`regist_id`, `student_id`, `edu_term`, `edu_year`, `section_offer_id`, `subjectid`, `deptid`, `secid`, `lecturer_id`, `add_date`) VALUES
(1, '5910511038', '3', '2561', '256130015228005901', '0015228', '0059', '01', '', '2019-06-20 06:19:03'),
(2, '5910511004', '3', '2561', '256130015228005901', '0015228', '0059', '01', '', '2019-06-20 06:19:03'),
(3, '5910511040', '3', '2561', '256130015228005901', '0015228', '0059', '01', '', '2019-06-20 06:19:03'),
(4, '5910511005', '3', '2561', '256130015228005901', '0015228', '0059', '01', '', '2019-06-20 06:19:03'),
(5, '5910511025', '3', '2561', '256130015228005901', '0015228', '0059', '01', '', '2019-06-20 06:19:03'),
(6, '5910511012', '3', '2561', '256130015228005901', '0015228', '0059', '01', '', '2019-06-20 06:19:03'),
(7, '5910511079', '3', '2561', '256130015228005901', '0015228', '0059', '01', '', '2019-06-20 06:19:03'),
(8, '5910511017', '3', '2561', '256130015228005901', '0015228', '0059', '01', '', '2019-06-20 06:19:03'),
(9, '5910511003', '3', '2561', '256130015228005901', '0015228', '0059', '01', '', '2019-06-20 06:19:03'),
(10, '5910511037', '3', '2561', '256130015228005901', '0015228', '0059', '01', '', '2019-06-20 06:19:03'),
(11, '5910511031', '3', '2561', '256130015228005901', '0015228', '0059', '01', '', '2019-06-20 06:19:03'),
(12, '5910511030', '3', '2561', '256130015228005901', '0015228', '0059', '01', '', '2019-06-20 06:19:03'),
(13, '5910511001', '3', '2561', '256130015228005901', '0015228', '0059', '01', '', '2019-06-20 06:19:03'),
(14, '5910511036', '3', '2561', '256130015228005901', '0015228', '0059', '01', '', '2019-06-20 06:19:03'),
(15, '5910511016', '3', '2561', '256130015228005901', '0015228', '0059', '01', '', '2019-06-20 06:19:03'),
(16, '5910511036', '3', '2561', '256130015228005901', '0015228', '0059', '01', '', '2019-06-20 06:19:03'),
(17, '5910511009', '3', '2561', '256130015228005901', '0015228', '0059', '01', '', '2019-06-20 06:19:03'),
(18, '5910511014', '3', '2561', '256130015228005901', '0015228', '0059', '01', '', '2019-06-20 06:19:03'),
(19, '5910511008', '3', '2561', '256130015228005901', '0015228', '0059', '01', '', '2019-06-20 06:19:03'),
(20, '5910511036', '3', '2561', '256130015228005901', '0015228', '0059', '01', '', '2019-06-20 06:19:03'),
(21, '5910511032', '3', '2561', '256130015228005901', '0015228', '0059', '01', '', '2019-06-20 06:19:03'),
(22, '5910511026', '3', '2561', '256130015228005901', '0015228', '0059', '01', '', '2019-06-20 06:19:03'),
(23, '5910511007', '3', '2561', '256130015228005901', '0015228', '0059', '01', '', '2019-06-20 06:19:03'),
(24, '5910511002', '3', '2561', '256130015228005901', '0015228', '0059', '01', '', '2019-06-20 06:19:03'),
(25, '5910511011', '3', '2561', '256130015228005901', '0015228', '0059', '01', '', '2019-06-20 06:19:03'),
(26, '5910511028', '3', '2561', '256130015228005901', '0015228', '0059', '01', '', '2019-06-20 06:19:03'),
(27, '5910511015', '3', '2561', '256130015228005901', '0015228', '0059', '01', '', '2019-06-20 06:19:03'),
(28, '5910511024', '3', '2561', '256130015228005901', '0015228', '0059', '01', '', '2019-06-20 06:19:03'),
(29, '5910511033', '3', '2561', '256130015228005901', '0015228', '0059', '01', '', '2019-06-20 06:19:03'),
(30, '5910511019', '3', '2561', '256130015228005901', '0015228', '0059', '01', '', '2019-06-20 06:19:03'),
(31, '5910511029', '3', '2561', '256130015228005901', '0015228', '0059', '01', '', '2019-06-20 06:19:03'),
(32, '5910511022', '3', '2561', '256130015228005901', '0015228', '0059', '01', '', '2019-06-20 06:19:03'),
(33, '5910511010', '3', '2561', '256130015228005901', '0015228', '0059', '01', '', '2019-06-20 06:19:03'),
(34, '5910511023', '3', '2561', '256130015228005901', '0015228', '0059', '01', '', '2019-06-20 06:19:03'),
(35, '5910511018', '3', '2561', '256130015228005901', '0015228', '0059', '01', '', '2019-06-20 06:19:03'),
(36, '5910511034', '3', '2561', '256130015228005901', '0015228', '0059', '01', '', '2019-06-20 06:19:03'),
(37, '5910511047', '3', '2561', '256130015228005902', '0015228', '0059', '02', '', '2019-06-20 06:19:03'),
(38, '5910511058', '3', '2561', '256130015228005902', '0015228', '0059', '02', '', '2019-06-20 06:19:03'),
(39, '5910511055', '3', '2561', '256130015228005902', '0015228', '0059', '02', '', '2019-06-20 06:19:03'),
(40, '5910511072', '3', '2561', '256130015228005902', '0015228', '0059', '02', '', '2019-06-20 06:19:03'),
(41, '5910511054', '3', '2561', '256130015228005902', '0015228', '0059', '02', '', '2019-06-20 06:19:03'),
(42, '5910511050', '3', '2561', '256130015228005902', '0015228', '0059', '02', '', '2019-06-20 06:19:03'),
(43, '5910511060', '3', '2561', '256130015228005902', '0015228', '0059', '02', '', '2019-06-20 06:19:03'),
(44, '5910511043', '3', '2561', '256130015228005902', '0015228', '0059', '02', '', '2019-06-20 06:19:03'),
(45, '5910511067', '3', '2561', '256130015228005902', '0015228', '0059', '02', '', '2019-06-20 06:19:03'),
(46, '5910511044', '3', '2561', '256130015228005902', '0015228', '0059', '02', '', '2019-06-20 06:19:03'),
(47, '5910511049', '3', '2561', '256130015228005902', '0015228', '0059', '02', '', '2019-06-20 06:19:03'),
(48, '5910511068', '3', '2561', '256130015228005902', '0015228', '0059', '02', '', '2019-06-20 06:19:03'),
(49, '5910511076', '3', '2561', '256130015228005902', '0015228', '0059', '02', '', '2019-06-20 06:19:03'),
(50, '5910511063', '3', '2561', '256130015228005902', '0015228', '0059', '02', '', '2019-06-20 06:19:03'),
(51, '5910511071', '3', '2561', '256130015228005902', '0015228', '0059', '02', '', '2019-06-20 06:19:03'),
(52, '5910511066', '3', '2561', '256130015228005902', '0015228', '0059', '02', '', '2019-06-20 06:19:03'),
(53, '5910511042', '3', '2561', '256130015228005902', '0015228', '0059', '02', '', '2019-06-20 06:19:03'),
(54, '5910511062', '3', '2561', '256130015228005902', '0015228', '0059', '02', '', '2019-06-20 06:19:03'),
(55, '5910511074', '3', '2561', '256130015228005902', '0015228', '0059', '02', '', '2019-06-20 06:19:03'),
(56, '5910511041', '3', '2561', '256130015228005902', '0015228', '0059', '02', '', '2019-06-20 06:19:03'),
(57, '5910511048', '3', '2561', '256130015228005902', '0015228', '0059', '02', '', '2019-06-20 06:19:03'),
(58, '5910511053', '3', '2561', '256130015228005902', '0015228', '0059', '02', '', '2019-06-20 06:19:03'),
(59, '5910511057', '3', '2561', '256130015228005902', '0015228', '0059', '02', '', '2019-06-20 06:19:03'),
(60, '5910511065', '3', '2561', '256130015228005902', '0015228', '0059', '02', '', '2019-06-20 06:19:03'),
(61, '5910511061', '3', '2561', '256130015228005902', '0015228', '0059', '02', '', '2019-06-20 06:19:03'),
(62, '5910511059', '3', '2561', '256130015228005902', '0015228', '0059', '02', '', '2019-06-20 06:19:03'),
(63, '5910511052', '3', '2561', '256130015228005902', '0015228', '0059', '02', '', '2019-06-20 06:19:03'),
(64, '5910511056', '3', '2561', '256130015228005902', '0015228', '0059', '02', '', '2019-06-20 06:19:03'),
(65, '5910511064', '3', '2561', '256130015228005902', '0015228', '0059', '02', '', '2019-06-20 06:19:03'),
(66, '5910511073', '3', '2561', '256130015228005902', '0015228', '0059', '02', '', '2019-06-20 06:19:03'),
(67, '5910511069', '3', '2561', '256130015228005902', '0015228', '0059', '02', '', '2019-06-20 06:19:03'),
(68, '5910511075', '3', '2561', '256130015228005902', '0015228', '0059', '02', '', '2019-06-20 06:19:03'),
(69, '5910511051', '3', '2561', '256130015228005902', '0015228', '0059', '02', '', '2019-06-20 06:19:03'),
(70, '5910512057', '3', '2561', '256130015204005901', '0015204', '0059', '01', '', '2019-06-20 06:19:03'),
(71, '5910512010', '3', '2561', '256130015204005901', '0015204', '0059', '01', '', '2019-06-20 06:19:03'),
(72, '5910512012', '3', '2561', '256130015204005901', '0015204', '0059', '01', '', '2019-06-20 06:19:03'),
(73, '5910512039', '3', '2561', '256130015204005901', '0015204', '0059', '01', '', '2019-06-20 06:19:03'),
(74, '5910512037', '3', '2561', '256130015204005901', '0015204', '0059', '01', '', '2019-06-20 06:19:03'),
(75, '5910512073', '3', '2561', '256130015204005901', '0015204', '0059', '01', '', '2019-06-20 06:19:03'),
(76, '5910512063', '3', '2561', '256130015204005901', '0015204', '0059', '01', '', '2019-06-20 06:19:03'),
(77, '5810510023', '3', '2561', '256130015204005901', '0015204', '0059', '01', '', '2019-06-20 06:19:03'),
(78, '5910512062', '3', '2561', '256130015204005901', '0015204', '0059', '01', '', '2019-06-20 06:19:03'),
(79, '5910512076', '3', '2561', '256130015204005901', '0015204', '0059', '01', '', '2019-06-20 06:19:03'),
(80, '5910512061', '3', '2561', '256130015204005901', '0015204', '0059', '01', '', '2019-06-20 06:19:03'),
(81, '5910512078', '3', '2561', '256130015204005901', '0015204', '0059', '01', '', '2019-06-20 06:19:03'),
(82, '5910512042', '3', '2561', '256130015204005901', '0015204', '0059', '01', '', '2019-06-20 06:19:03'),
(83, '5910512081', '3', '2561', '256130015204005901', '0015204', '0059', '01', '', '2019-06-20 06:19:03'),
(84, '5910512050', '3', '2561', '256130015204005901', '0015204', '0059', '01', '', '2019-06-20 06:19:03'),
(85, '5910512026', '3', '2561', '256130015204005901', '0015204', '0059', '01', '', '2019-06-20 06:19:03'),
(86, '5910512036', '3', '2561', '256130015204005901', '0015204', '0059', '01', '', '2019-06-20 06:19:03'),
(87, '5910512064', '3', '2561', '256130015204005901', '0015204', '0059', '01', '', '2019-06-20 06:19:03'),
(88, '5910512020', '3', '2561', '256130015204005901', '0015204', '0059', '01', '', '2019-06-20 06:19:03'),
(89, '5910512070', '3', '2561', '256130015204005901', '0015204', '0059', '01', '', '2019-06-20 06:19:03'),
(90, '5910512054', '3', '2561', '256130015204005901', '0015204', '0059', '01', '', '2019-06-20 06:19:03'),
(91, '5910512004', '3', '2561', '256130015204005901', '0015204', '0059', '01', '', '2019-06-20 06:19:03'),
(92, '5910512079', '3', '2561', '256130015204005901', '0015204', '0059', '01', '', '2019-06-20 06:19:03'),
(93, '5910512052', '3', '2561', '256130015204005901', '0015204', '0059', '01', '', '2019-06-20 06:19:03'),
(94, '5910512083', '3', '2561', '256130015204005901', '0015204', '0059', '01', '', '2019-06-20 06:19:03'),
(95, '5910512023', '3', '2561', '256130015204005901', '0015204', '0059', '01', '', '2019-06-20 06:19:03'),
(96, '5910512051', '3', '2561', '256130015204005901', '0015204', '0059', '01', '', '2019-06-20 06:19:03'),
(97, '5910512046', '3', '2561', '256130015204005901', '0015204', '0059', '01', '', '2019-06-20 06:19:03'),
(98, '5910512034', '3', '2561', '256130015204005901', '0015204', '0059', '01', '', '2019-06-20 06:19:03'),
(99, '5910512082', '3', '2561', '256130015204005901', '0015204', '0059', '01', '', '2019-06-20 06:19:03'),
(100, '5910512008', '3', '2561', '256130015204005901', '0015204', '0059', '01', '', '2019-06-20 06:19:03'),
(101, '5910512053', '3', '2561', '256130015204005901', '0015204', '0059', '01', '', '2019-06-20 06:19:03'),
(102, '5910512038', '3', '2561', '256130015204005901', '0015204', '0059', '01', '', '2019-06-20 06:19:03'),
(103, '5910512001', '3', '2561', '256130015204005901', '0015204', '0059', '01', '', '2019-06-20 06:19:03'),
(104, '5910512033', '3', '2561', '256130015204005901', '0015204', '0059', '01', '', '2019-06-20 06:19:03'),
(105, '5910512065', '3', '2561', '256130015204005901', '0015204', '0059', '01', '', '2019-06-20 06:19:03'),
(106, '5910512080', '3', '2561', '256130015204005901', '0015204', '0059', '01', '', '2019-06-20 06:19:03'),
(107, '5910512019', '3', '2561', '256130015204005901', '0015204', '0059', '01', '', '2019-06-20 06:19:03'),
(108, '5910512005', '3', '2561', '256130015204005901', '0015204', '0059', '01', '', '2019-06-20 06:19:03'),
(109, '5910512011', '3', '2561', '256130015204005901', '0015204', '0059', '01', '', '2019-06-20 06:19:03'),
(110, '5910512068', '3', '2561', '256130015204005901', '0015204', '0059', '01', '', '2019-06-20 06:19:03'),
(111, '5910512055', '3', '2561', '256130015204005901', '0015204', '0059', '01', '', '2019-06-20 06:19:03'),
(112, '5910512029', '3', '2561', '256130015204005901', '0015204', '0059', '01', '', '2019-06-20 06:19:03'),
(113, '5910512013', '3', '2561', '256130015204005901', '0015204', '0059', '01', '', '2019-06-20 06:19:03'),
(114, '5910512009', '3', '2561', '256130015204005901', '0015204', '0059', '01', '', '2019-06-20 06:19:03'),
(115, '5910512002', '3', '2561', '256130015204005901', '0015204', '0059', '01', '', '2019-06-20 06:19:03'),
(116, '5910512067', '3', '2561', '256130015204005901', '0015204', '0059', '01', '', '2019-06-20 06:19:03'),
(117, '5910512025', '3', '2561', '256130015204005901', '0015204', '0059', '01', '', '2019-06-20 06:19:03'),
(118, '5910512031', '3', '2561', '256130015204005901', '0015204', '0059', '01', '', '2019-06-20 06:19:03'),
(119, '5910512084', '3', '2561', '256130015204005901', '0015204', '0059', '01', '', '2019-06-20 06:19:03'),
(120, '5910512066', '3', '2561', '256130015204005901', '0015204', '0059', '01', '', '2019-06-20 06:19:03'),
(121, '5910512040', '3', '2561', '256130015204005901', '0015204', '0059', '01', '', '2019-06-20 06:19:03'),
(122, '5910512060', '3', '2561', '256130015204005901', '0015204', '0059', '01', '', '2019-06-20 06:19:03'),
(123, '5910512027', '3', '2561', '256130015204005901', '0015204', '0059', '01', '', '2019-06-20 06:19:03'),
(124, '5910512085', '3', '2561', '256130015204005901', '0015204', '0059', '01', '', '2019-06-20 06:19:03'),
(125, '5910512049', '3', '2561', '256130015204005901', '0015204', '0059', '01', '', '2019-06-20 06:19:03'),
(126, '5910512014', '3', '2561', '256130015204005901', '0015204', '0059', '01', '', '2019-06-20 06:19:03'),
(127, '5910512006', '3', '2561', '256130015204005901', '0015204', '0059', '01', '', '2019-06-20 06:19:03'),
(128, '5910512007', '3', '2561', '256130015204005901', '0015204', '0059', '01', '', '2019-06-20 06:19:03'),
(129, '5910512048', '3', '2561', '256130015204005901', '0015204', '0059', '01', '', '2019-06-20 06:19:03'),
(130, '5910512028', '3', '2561', '256130015204005901', '0015204', '0059', '01', '', '2019-06-20 06:19:03'),
(131, '5910512003', '3', '2561', '256130015204005901', '0015204', '0059', '01', '', '2019-06-20 06:19:03'),
(132, '5910512044', '3', '2561', '256130015204005901', '0015204', '0059', '01', '', '2019-06-20 06:19:03'),
(133, '5910512058', '3', '2561', '256130015204005901', '0015204', '0059', '01', '', '2019-06-20 06:19:03'),
(134, '5910512059', '3', '2561', '256130015204005901', '0015204', '0059', '01', '', '2019-06-20 06:19:03'),
(135, '5910512024', '3', '2561', '256130015204005901', '0015204', '0059', '01', '', '2019-06-20 06:19:03'),
(136, '5910512022', '3', '2561', '256130015204005901', '0015204', '0059', '01', '', '2019-06-20 06:19:03'),
(137, '5910512045', '3', '2561', '256130015204005901', '0015204', '0059', '01', '', '2019-06-20 06:19:03'),
(138, '5910512043', '3', '2561', '256130015204005901', '0015204', '0059', '01', '', '2019-06-20 06:19:03'),
(139, '5910512021', '3', '2561', '256130015204005901', '0015204', '0059', '01', '', '2019-06-20 06:19:03'),
(140, '5910512056', '3', '2561', '256130015204005901', '0015204', '0059', '01', '', '2019-06-20 06:19:03'),
(141, '5910516017', '3', '2561', '256130015258005901', '0015258', '0059', '01', '', '2019-06-20 06:19:03'),
(142, '5910516002', '3', '2561', '256130015258005901', '0015258', '0059', '01', '', '2019-06-20 06:19:03'),
(143, '5910516027', '3', '2561', '256130015258005901', '0015258', '0059', '01', '', '2019-06-20 06:19:03'),
(144, '5910516022', '3', '2561', '256130015258005901', '0015258', '0059', '01', '', '2019-06-20 06:19:03'),
(145, '5910516016', '3', '2561', '256130015258005901', '0015258', '0059', '01', '', '2019-06-20 06:19:03'),
(146, '5910516012', '3', '2561', '256130015258005901', '0015258', '0059', '01', '', '2019-06-20 06:19:03'),
(147, '5910516002', '3', '2561', '256130015258005901', '0015258', '0059', '01', '', '2019-06-20 06:19:03'),
(148, '6010516014', '3', '2561', '256130015258005901', '0015258', '0059', '01', '', '2019-06-20 06:19:03'),
(149, '5910516015', '3', '2561', '256130015258005901', '0015258', '0059', '01', '', '2019-06-20 06:19:03'),
(150, '5910516040', '3', '2561', '256130015258005901', '0015258', '0059', '01', '', '2019-06-20 06:19:03'),
(151, '5910516023', '3', '2561', '256130015258005901', '0015258', '0059', '01', '', '2019-06-20 06:19:03'),
(152, '5910516008', '3', '2561', '256130015258005901', '0015258', '0059', '01', '', '2019-06-20 06:19:03'),
(153, '5910516003', '3', '2561', '256130015258005901', '0015258', '0059', '01', '', '2019-06-20 06:19:03'),
(154, '5910516031', '3', '2561', '256130015258005901', '0015258', '0059', '01', '', '2019-06-20 06:19:03'),
(155, '5910516025', '3', '2561', '256130015258005901', '0015258', '0059', '01', '', '2019-06-20 06:19:03'),
(156, '5910516036', '3', '2561', '256130015258005901', '0015258', '0059', '01', '', '2019-06-20 06:19:03'),
(157, '5910516024', '3', '2561', '256130015258005901', '0015258', '0059', '01', '', '2019-06-20 06:19:03'),
(158, '5910516029', '3', '2561', '256130015258005901', '0015258', '0059', '01', '', '2019-06-20 06:19:03'),
(159, '5910516018', '3', '2561', '256130015258005901', '0015258', '0059', '01', '', '2019-06-20 06:19:03'),
(160, '5910516020', '3', '2561', '256130015258005901', '0015258', '0059', '01', '', '2019-06-20 06:19:03'),
(161, '5910516039', '3', '2561', '256130015258005901', '0015258', '0059', '01', '', '2019-06-20 06:19:03'),
(162, '5910516004', '3', '2561', '256130015258005901', '0015258', '0059', '01', '', '2019-06-20 06:19:03'),
(163, '5910516034', '3', '2561', '256130015258005901', '0015258', '0059', '01', '', '2019-06-20 06:19:03'),
(164, '5910516009', '3', '2561', '256130015258005901', '0015258', '0059', '01', '', '2019-06-20 06:19:03'),
(165, '5910516011', '3', '2561', '256130015258005901', '0015258', '0059', '01', '', '2019-06-20 06:19:03'),
(166, '5910516013', '3', '2561', '256130015258005901', '0015258', '0059', '01', '', '2019-06-20 06:19:03'),
(167, '5910516002', '3', '2561', '256130015258005901', '0015258', '0059', '01', '', '2019-06-20 06:19:03'),
(168, '5910516021', '3', '2561', '256130015258005901', '0015258', '0059', '01', '', '2019-06-20 06:19:03'),
(169, '5910516019', '3', '2561', '256130015258005901', '0015258', '0059', '01', '', '2019-06-20 06:19:03'),
(170, '5910516038', '3', '2561', '256130015258005901', '0015258', '0059', '01', '', '2019-06-20 06:19:03'),
(171, '6010516014', '3', '2561', '256130015258005901', '0015258', '0059', '01', '', '2019-06-20 06:19:03'),
(172, '5910516010', '3', '2561', '256130015258005901', '0015258', '0059', '01', '', '2019-06-20 06:19:03'),
(173, '5910516026', '3', '2561', '256130015258005901', '0015258', '0059', '01', '', '2019-06-20 06:19:03'),
(174, '5910516006', '3', '2561', '256130015258005901', '0015258', '0059', '01', '', '2019-06-20 06:19:03'),
(175, '5910516014', '3', '2561', '256130015258005901', '0015258', '0059', '01', '', '2019-06-20 06:19:03'),
(176, '5910516033', '3', '2561', '256130015258005901', '0015258', '0059', '01', '', '2019-06-20 06:19:03'),
(177, '5910516057', '3', '2561', '256130015258005902', '0015258', '0059', '02', '', '2019-06-20 06:19:03'),
(178, '5910516041', '3', '2561', '256130015258005902', '0015258', '0059', '02', '', '2019-06-20 06:19:03'),
(179, '5910516061', '3', '2561', '256130015258005902', '0015258', '0059', '02', '', '2019-06-20 06:19:03'),
(180, '5910516064', '3', '2561', '256130015258005902', '0015258', '0059', '02', '', '2019-06-20 06:19:03'),
(181, '5910516060', '3', '2561', '256130015258005902', '0015258', '0059', '02', '', '2019-06-20 06:19:03'),
(182, '5910516072', '3', '2561', '256130015258005902', '0015258', '0059', '02', '', '2019-06-20 06:19:03'),
(183, '5910516045', '3', '2561', '256130015258005902', '0015258', '0059', '02', '', '2019-06-20 06:19:03'),
(184, '5910516048', '3', '2561', '256130015258005902', '0015258', '0059', '02', '', '2019-06-20 06:19:03'),
(185, '5910516074', '3', '2561', '256130015258005902', '0015258', '0059', '02', '', '2019-06-20 06:19:03'),
(186, '5910516058', '3', '2561', '256130015258005902', '0015258', '0059', '02', '', '2019-06-20 06:19:03'),
(187, '5910516051', '3', '2561', '256130015258005902', '0015258', '0059', '02', '', '2019-06-20 06:19:03'),
(188, '5910516055', '3', '2561', '256130015258005902', '0015258', '0059', '02', '', '2019-06-20 06:19:03'),
(189, '5910516068', '3', '2561', '256130015258005902', '0015258', '0059', '02', '', '2019-06-20 06:19:03'),
(190, '5910516069', '3', '2561', '256130015258005902', '0015258', '0059', '02', '', '2019-06-20 06:19:03'),
(191, '5910516075', '3', '2561', '256130015258005902', '0015258', '0059', '02', '', '2019-06-20 06:19:03'),
(192, '5910516076', '3', '2561', '256130015258005902', '0015258', '0059', '02', '', '2019-06-20 06:19:03'),
(193, '5910516063', '3', '2561', '256130015258005902', '0015258', '0059', '02', '', '2019-06-20 06:19:03'),
(194, '5910516080', '3', '2561', '256130015258005902', '0015258', '0059', '02', '', '2019-06-20 06:19:03'),
(195, '5910516044', '3', '2561', '256130015258005902', '0015258', '0059', '02', '', '2019-06-20 06:19:03'),
(196, '5910516042', '3', '2561', '256130015258005902', '0015258', '0059', '02', '', '2019-06-20 06:19:03'),
(197, '5910516067', '3', '2561', '256130015258005902', '0015258', '0059', '02', '', '2019-06-20 06:19:03'),
(198, '5910516052', '3', '2561', '256130015258005902', '0015258', '0059', '02', '', '2019-06-20 06:19:03'),
(199, '5910516077', '3', '2561', '256130015258005902', '0015258', '0059', '02', '', '2019-06-20 06:19:03'),
(200, '5910516053', '3', '2561', '256130015258005902', '0015258', '0059', '02', '', '2019-06-20 06:19:03'),
(201, '5910516073', '3', '2561', '256130015258005902', '0015258', '0059', '02', '', '2019-06-20 06:19:03'),
(202, '5910516071', '3', '2561', '256130015258005902', '0015258', '0059', '02', '', '2019-06-20 06:19:03'),
(203, '5910516078', '3', '2561', '256130015258005902', '0015258', '0059', '02', '', '2019-06-20 06:19:03'),
(204, '5910518038', '3', '2561', '256130018355005901', '0018355', '0059', '01', '', '2019-06-20 06:19:03'),
(205, '5910518023', '3', '2561', '256130018355005901', '0018355', '0059', '01', '', '2019-06-20 06:19:03'),
(206, '5910518055', '3', '2561', '256130018355005901', '0018355', '0059', '01', '', '2019-06-20 06:19:03'),
(207, '5910518013', '3', '2561', '256130018355005901', '0018355', '0059', '01', '', '2019-06-20 06:19:03'),
(208, '5910518034', '3', '2561', '256130018355005901', '0018355', '0059', '01', '', '2019-06-20 06:19:03'),
(209, '5910518044', '3', '2561', '256130018355005901', '0018355', '0059', '01', '', '2019-06-20 06:19:03'),
(210, '5910518004', '3', '2561', '256130018355005901', '0018355', '0059', '01', '', '2019-06-20 06:19:03'),
(211, '5910518059', '3', '2561', '256130018355005901', '0018355', '0059', '01', '', '2019-06-20 06:19:03'),
(212, '5910518041', '3', '2561', '256130018355005901', '0018355', '0059', '01', '', '2019-06-20 06:19:03'),
(213, '5910518062', '3', '2561', '256130018355005901', '0018355', '0059', '01', '', '2019-06-20 06:19:03'),
(214, '5910518030', '3', '2561', '256130018355005901', '0018355', '0059', '01', '', '2019-06-20 06:19:03'),
(215, '5910518046', '3', '2561', '256130018355005901', '0018355', '0059', '01', '', '2019-06-20 06:19:03'),
(216, '5910518027', '3', '2561', '256130018355005901', '0018355', '0059', '01', '', '2019-06-20 06:19:03'),
(217, '5910518040', '3', '2561', '256130018355005901', '0018355', '0059', '01', '', '2019-06-20 06:19:03'),
(218, '5910518065', '3', '2561', '256130018355005901', '0018355', '0059', '01', '', '2019-06-20 06:19:03'),
(219, '5910518025', '3', '2561', '256130018355005901', '0018355', '0059', '01', '', '2019-06-20 06:19:03'),
(220, '5910518036', '3', '2561', '256130018355005901', '0018355', '0059', '01', '', '2019-06-20 06:19:03'),
(221, '5910518021', '3', '2561', '256130018355005901', '0018355', '0059', '01', '', '2019-06-20 06:19:03'),
(222, '5910518032', '3', '2561', '256130018355005901', '0018355', '0059', '01', '', '2019-06-20 06:19:03'),
(223, '5910518045', '3', '2561', '256130018355005901', '0018355', '0059', '01', '', '2019-06-20 06:19:03'),
(224, '5910518049', '3', '2561', '256130018355005901', '0018355', '0059', '01', '', '2019-06-20 06:19:03'),
(225, '5910518002', '3', '2561', '256130018355005901', '0018355', '0059', '01', '', '2019-06-20 06:19:03'),
(226, '5910518014', '3', '2561', '256130018355005901', '0018355', '0059', '01', '', '2019-06-20 06:19:03'),
(227, '5910518011', '3', '2561', '256130018355005901', '0018355', '0059', '01', '', '2019-06-20 06:19:03'),
(228, '5910518048', '3', '2561', '256130018355005901', '0018355', '0059', '01', '', '2019-06-20 06:19:03'),
(229, '5910518060', '3', '2561', '256130018355005901', '0018355', '0059', '01', '', '2019-06-20 06:19:03'),
(230, '5910518061', '3', '2561', '256130018355005901', '0018355', '0059', '01', '', '2019-06-20 06:19:03'),
(231, '5910518007', '3', '2561', '256130018355005901', '0018355', '0059', '01', '', '2019-06-20 06:19:03'),
(232, '5910518050', '3', '2561', '256130018355005901', '0018355', '0059', '01', '', '2019-06-20 06:19:03'),
(233, '5910518058', '3', '2561', '256130018355005901', '0018355', '0059', '01', '', '2019-06-20 06:19:03'),
(234, '5910518052', '3', '2561', '256130018355005901', '0018355', '0059', '01', '', '2019-06-20 06:19:03'),
(235, '5910518064', '3', '2561', '256130018355005901', '0018355', '0059', '01', '', '2019-06-20 06:19:03'),
(236, '5910518051', '3', '2561', '256130018355005901', '0018355', '0059', '01', '', '2019-06-20 06:19:03'),
(237, '5910518043', '3', '2561', '256130018355005901', '0018355', '0059', '01', '', '2019-06-20 06:19:03'),
(238, '5910518028', '3', '2561', '256130018355005901', '0018355', '0059', '01', '', '2019-06-20 06:19:03'),
(239, '5910518056', '3', '2561', '256130018355005901', '0018355', '0059', '01', '', '2019-06-20 06:19:03'),
(240, '5910518016', '3', '2561', '256130018355005901', '0018355', '0059', '01', '', '2019-06-20 06:19:03'),
(241, '5910518035', '3', '2561', '256130018355005901', '0018355', '0059', '01', '', '2019-06-20 06:19:03'),
(242, '5910518039', '3', '2561', '256130018355005901', '0018355', '0059', '01', '', '2019-06-20 06:19:03'),
(243, '5910518031', '3', '2561', '256130018355005901', '0018355', '0059', '01', '', '2019-06-20 06:19:03'),
(244, '5910518042', '3', '2561', '256130018355005901', '0018355', '0059', '01', '', '2019-06-20 06:19:03'),
(245, '5910518019', '3', '2561', '256130018355005901', '0018355', '0059', '01', '', '2019-06-20 06:19:03'),
(246, '5910518033', '3', '2561', '256130018355005901', '0018355', '0059', '01', '', '2019-06-20 06:19:03'),
(247, '5910518018', '3', '2561', '256130018355005901', '0018355', '0059', '01', '', '2019-06-20 06:19:03'),
(248, '5910518010', '3', '2561', '256130018355005901', '0018355', '0059', '01', '', '2019-06-20 06:19:03'),
(249, '5910518026', '3', '2561', '256130018355005901', '0018355', '0059', '01', '', '2019-06-20 06:19:03'),
(250, '5910518022', '3', '2561', '256130018355005901', '0018355', '0059', '01', '', '2019-06-20 06:19:03'),
(251, '5910518005', '3', '2561', '256130018355005901', '0018355', '0059', '01', '', '2019-06-20 06:19:03'),
(252, '5910518054', '3', '2561', '256130018355005901', '0018355', '0059', '01', '', '2019-06-20 06:19:03'),
(253, '5910518037', '3', '2561', '256130018355005901', '0018355', '0059', '01', '', '2019-06-20 06:19:03'),
(254, '5910518008', '3', '2561', '256130018355005901', '0018355', '0059', '01', '', '2019-06-20 06:19:03'),
(255, '5910518063', '3', '2561', '256130018355005901', '0018355', '0059', '01', '', '2019-06-20 06:19:03'),
(256, '5910518024', '3', '2561', '256130018355005901', '0018355', '0059', '01', '', '2019-06-20 06:19:03'),
(257, '5910518015', '3', '2561', '256130018355005901', '0018355', '0059', '01', '', '2019-06-20 06:19:03'),
(258, '5910513001', '3', '2561', '256130014750005901', '0014750', '0059', '01', '', '2019-06-20 06:19:03'),
(259, '5910513022', '3', '2561', '256130014750005901', '0014750', '0059', '01', '', '2019-06-20 06:19:03'),
(260, '5910513012', '3', '2561', '256130014750005901', '0014750', '0059', '01', '', '2019-06-20 06:19:03'),
(261, '5910513006', '3', '2561', '256130014750005901', '0014750', '0059', '01', '', '2019-06-20 06:19:03'),
(262, '5910513016', '3', '2561', '256130014750005901', '0014750', '0059', '01', '', '2019-06-20 06:19:03'),
(263, '5910513038', '3', '2561', '256130014750005901', '0014750', '0059', '01', '', '2019-06-20 06:19:03'),
(264, '5910513033', '3', '2561', '256130014750005901', '0014750', '0059', '01', '', '2019-06-20 06:19:03'),
(265, '5910513024', '3', '2561', '256130014750005901', '0014750', '0059', '01', '', '2019-06-20 06:19:03'),
(266, '5910513018', '3', '2561', '256130014750005901', '0014750', '0059', '01', '', '2019-06-20 06:19:03'),
(267, '5910513005', '3', '2561', '256130014750005901', '0014750', '0059', '01', '', '2019-06-20 06:19:03'),
(268, '5910513030', '3', '2561', '256130014750005901', '0014750', '0059', '01', '', '2019-06-20 06:19:03'),
(269, '5910513004', '3', '2561', '256130014750005901', '0014750', '0059', '01', '', '2019-06-20 06:19:03'),
(270, '5910513003', '3', '2561', '256130014750005901', '0014750', '0059', '01', '', '2019-06-20 06:19:03'),
(271, '5910513014', '3', '2561', '256130014750005901', '0014750', '0059', '01', '', '2019-06-20 06:19:03'),
(272, '5910513052', '3', '2561', '256130014750005901', '0014750', '0059', '01', '', '2019-06-20 06:19:03'),
(273, '5910513015', '3', '2561', '256130014750005901', '0014750', '0059', '01', '', '2019-06-20 06:19:03'),
(274, '5910513029', '3', '2561', '256130014750005901', '0014750', '0059', '01', '', '2019-06-20 06:19:03'),
(275, '5910513032', '3', '2561', '256130014750005901', '0014750', '0059', '01', '', '2019-06-20 06:19:03'),
(276, '5910513039', '3', '2561', '256130014750005901', '0014750', '0059', '01', '', '2019-06-20 06:19:03'),
(277, '5910513025', '3', '2561', '256130014750005901', '0014750', '0059', '01', '', '2019-06-20 06:19:03'),
(278, '5910513040', '3', '2561', '256130014750005901', '0014750', '0059', '01', '', '2019-06-20 06:19:03'),
(279, '5910513026', '3', '2561', '256130014750005901', '0014750', '0059', '01', '', '2019-06-20 06:19:03'),
(280, '5910513007', '3', '2561', '256130014750005901', '0014750', '0059', '01', '', '2019-06-20 06:19:03'),
(281, '5910513042', '3', '2561', '256130014750005901', '0014750', '0059', '01', '', '2019-06-20 06:19:03'),
(282, '5910513036', '3', '2561', '256130014750005901', '0014750', '0059', '01', '', '2019-06-20 06:19:03'),
(283, '5910513023', '3', '2561', '256130014750005901', '0014750', '0059', '01', '', '2019-06-20 06:19:03'),
(284, '5910513010', '3', '2561', '256130014750005901', '0014750', '0059', '01', '', '2019-06-20 06:19:03'),
(285, '5910513027', '3', '2561', '256130014750005901', '0014750', '0059', '01', '', '2019-06-20 06:19:03'),
(286, '5910513014', '3', '2561', '256130014750005901', '0014750', '0059', '01', '', '2019-06-20 06:19:03'),
(287, '5910513014', '3', '2561', '256130014750005901', '0014750', '0059', '01', '', '2019-06-20 06:19:03'),
(288, '5910513037', '3', '2561', '256130014750005901', '0014750', '0059', '01', '', '2019-06-20 06:19:03'),
(289, '5910513041', '3', '2561', '256130014750005901', '0014750', '0059', '01', '', '2019-06-20 06:19:03'),
(290, '5910513055', '3', '2561', '256130014750005901', '0014750', '0059', '01', '', '2019-06-20 06:19:03'),
(291, '5910513055', '3', '2561', '256130014750005901', '0014750', '0059', '01', '', '2019-06-20 06:19:03'),
(292, '5910513035', '3', '2561', '256130014750005902', '0014750', '0059', '02', '', '2019-06-20 06:19:03'),
(293, '5910513078', '3', '2561', '256130014750005902', '0014750', '0059', '02', '', '2019-06-20 06:19:03'),
(294, '5910513081', '3', '2561', '256130014750005902', '0014750', '0059', '02', '', '2019-06-20 06:19:03'),
(295, '5910513077', '3', '2561', '256130014750005902', '0014750', '0059', '02', '', '2019-06-20 06:19:03'),
(296, '5910513069', '3', '2561', '256130014750005902', '0014750', '0059', '02', '', '2019-06-20 06:19:03'),
(297, '5910513079', '3', '2561', '256130014750005902', '0014750', '0059', '02', '', '2019-06-20 06:19:03'),
(298, '5910513050', '3', '2561', '256130014750005902', '0014750', '0059', '02', '', '2019-06-20 06:19:03'),
(299, '5910513074', '3', '2561', '256130014750005902', '0014750', '0059', '02', '', '2019-06-20 06:19:03'),
(300, '5810513071', '3', '2561', '256130014750005902', '0014750', '0059', '02', '', '2019-06-20 06:19:03'),
(301, '5910513086', '3', '2561', '256130014750005902', '0014750', '0059', '02', '', '2019-06-20 06:19:03'),
(302, '5910513071', '3', '2561', '256130014750005902', '0014750', '0059', '02', '', '2019-06-20 06:19:03'),
(303, '5910513051', '3', '2561', '256130014750005902', '0014750', '0059', '02', '', '2019-06-20 06:19:03'),
(304, '5910513067', '3', '2561', '256130014750005902', '0014750', '0059', '02', '', '2019-06-20 06:19:03'),
(305, '5910513047', '3', '2561', '256130014750005902', '0014750', '0059', '02', '', '2019-06-20 06:19:03'),
(306, '5910513073', '3', '2561', '256130014750005902', '0014750', '0059', '02', '', '2019-06-20 06:19:03'),
(307, '5910513082', '3', '2561', '256130014750005902', '0014750', '0059', '02', '', '2019-06-20 06:19:03'),
(308, '5910513056', '3', '2561', '256130014750005902', '0014750', '0059', '02', '', '2019-06-20 06:19:03'),
(309, '5810513061', '3', '2561', '256130014750005902', '0014750', '0059', '02', '', '2019-06-20 06:19:03'),
(310, '5910513044', '3', '2561', '256130014750005902', '0014750', '0059', '02', '', '2019-06-20 06:19:03'),
(311, '5910513066', '3', '2561', '256130014750005902', '0014750', '0059', '02', '', '2019-06-20 06:19:03'),
(312, '5910513057', '3', '2561', '256130014750005902', '0014750', '0059', '02', '', '2019-06-20 06:19:03'),
(313, '5910513061', '3', '2561', '256130014750005902', '0014750', '0059', '02', '', '2019-06-20 06:19:03'),
(314, '5910513064', '3', '2561', '256130014750005902', '0014750', '0059', '02', '', '2019-06-20 06:19:03'),
(315, '5910513053', '3', '2561', '256130014750005902', '0014750', '0059', '02', '', '2019-06-20 06:19:03'),
(316, '5910513062', '3', '2561', '256130014750005902', '0014750', '0059', '02', '', '2019-06-20 06:19:03'),
(317, '5910513048', '3', '2561', '256130014750005902', '0014750', '0059', '02', '', '2019-06-20 06:19:03'),
(318, '5910513060', '3', '2561', '256130014750005902', '0014750', '0059', '02', '', '2019-06-20 06:19:03'),
(319, '5910513058', '3', '2561', '256130014750005902', '0014750', '0059', '02', '', '2019-06-20 06:19:03'),
(320, '5910513072', '3', '2561', '256130014750005902', '0014750', '0059', '02', '', '2019-06-20 06:19:03'),
(321, '5910513080', '3', '2561', '256130014750005902', '0014750', '0059', '02', '', '2019-06-20 06:19:03'),
(322, '5910513049', '3', '2561', '256130014750005902', '0014750', '0059', '02', '', '2019-06-20 06:19:03'),
(323, '5910513076', '3', '2561', '256130014750005902', '0014750', '0059', '02', '', '2019-06-20 06:19:03'),
(324, '5910513046', '3', '2561', '256130014750005902', '0014750', '0059', '02', '', '2019-06-20 06:19:03'),
(325, '5910513054', '3', '2561', '256130014750005902', '0014750', '0059', '02', '', '2019-06-20 06:19:03'),
(326, '5910513055', '3', '2561', '256130014750005902', '0014750', '0059', '02', '', '2019-06-20 06:19:03'),
(327, '5910513065', '3', '2561', '256130014750005902', '0014750', '0059', '02', '', '2019-06-20 06:19:03'),
(328, '5910513075', '3', '2561', '256130014750005902', '0014750', '0059', '02', '', '2019-06-20 06:19:03'),
(329, '5810513077', '3', '2561', '256130014750005902', '0014750', '0059', '02', '', '2019-06-20 06:19:03'),
(330, '5910519059', '3', '2561', '256130016699005902', '0016699', '0059', '02', '', '2019-06-20 06:19:03'),
(331, '5910519072', '3', '2561', '256130016699005902', '0016699', '0059', '02', '', '2019-06-20 06:19:03'),
(332, '5910519051', '3', '2561', '256130016699005902', '0016699', '0059', '02', '', '2019-06-20 06:19:03'),
(333, '5910519054', '3', '2561', '256130016699005902', '0016699', '0059', '02', '', '2019-06-20 06:19:03'),
(334, '5910519053', '3', '2561', '256130016699005902', '0016699', '0059', '02', '', '2019-06-20 06:19:03'),
(335, '5910519053', '3', '2561', '256130016699005902', '0016699', '0059', '02', '', '2019-06-20 06:19:03'),
(336, '5910519062', '3', '2561', '256130016699005902', '0016699', '0059', '02', '', '2019-06-20 06:19:03'),
(337, '5910519073', '3', '2561', '256130016699005902', '0016699', '0059', '02', '', '2019-06-20 06:19:03'),
(338, '5910519045', '3', '2561', '256130016699005902', '0016699', '0059', '02', '', '2019-06-20 06:19:03'),
(339, '5910519065', '3', '2561', '256130016699005902', '0016699', '0059', '02', '', '2019-06-20 06:19:03'),
(340, '5910519063', '3', '2561', '256130016699005902', '0016699', '0059', '02', '', '2019-06-20 06:19:03'),
(341, '5910519081', '3', '2561', '256130016699005902', '0016699', '0059', '02', '', '2019-06-20 06:19:03'),
(342, '5910519067', '3', '2561', '256130016699005902', '0016699', '0059', '02', '', '2019-06-20 06:19:03'),
(343, '5910519066', '3', '2561', '256130016699005902', '0016699', '0059', '02', '', '2019-06-20 06:19:03'),
(344, '5910519042', '3', '2561', '256130016699005902', '0016699', '0059', '02', '', '2019-06-20 06:19:03'),
(345, '5910519056', '3', '2561', '256130016699005902', '0016699', '0059', '02', '', '2019-06-20 06:19:03'),
(346, '5910519044', '3', '2561', '256130016699005902', '0016699', '0059', '02', '', '2019-06-20 06:19:03'),
(347, '5910519076', '3', '2561', '256130016699005902', '0016699', '0059', '02', '', '2019-06-20 06:19:03'),
(348, '5910519064', '3', '2561', '256130016699005902', '0016699', '0059', '02', '', '2019-06-20 06:19:03'),
(349, '5910519041', '3', '2561', '256130016699005902', '0016699', '0059', '02', '', '2019-06-20 06:19:03'),
(350, '5910519043', '3', '2561', '256130016699005902', '0016699', '0059', '02', '', '2019-06-20 06:19:03'),
(351, '5910519050', '3', '2561', '256130016699005902', '0016699', '0059', '02', '', '2019-06-20 06:19:03'),
(352, '5910519078', '3', '2561', '256130016699005902', '0016699', '0059', '02', '', '2019-06-20 06:19:03'),
(353, '5910519048', '3', '2561', '256130016699005902', '0016699', '0059', '02', '', '2019-06-20 06:19:03'),
(354, '5910519080', '3', '2561', '256130016699005902', '0016699', '0059', '02', '', '2019-06-20 06:19:03'),
(355, '5910519061', '3', '2561', '256130016699005902', '0016699', '0059', '02', '', '2019-06-20 06:19:03'),
(356, '5910519075', '3', '2561', '256130016699005902', '0016699', '0059', '02', '', '2019-06-20 06:19:03'),
(357, '5910519058', '3', '2561', '256130016699005902', '0016699', '0059', '02', '', '2019-06-20 06:19:03'),
(358, '5910519070', '3', '2561', '256130016699005902', '0016699', '0059', '02', '', '2019-06-20 06:19:03'),
(359, '5910519069', '3', '2561', '256130016699005902', '0016699', '0059', '02', '', '2019-06-20 06:19:03'),
(360, '5910519049', '3', '2561', '256130016699005902', '0016699', '0059', '02', '', '2019-06-20 06:19:03'),
(361, '5910519040', '3', '2561', '256130016699005902', '0016699', '0059', '02', '', '2019-06-20 06:19:03'),
(362, '5910519068', '3', '2561', '256130016699005902', '0016699', '0059', '02', '', '2019-06-20 06:19:03'),
(363, '5910519074', '3', '2561', '256130016699005902', '0016699', '0059', '02', '', '2019-06-20 06:19:03'),
(364, '5910519057', '3', '2561', '256130016699005902', '0016699', '0059', '02', '', '2019-06-20 06:19:03'),
(365, '5910519047', '3', '2561', '256130016699005902', '0016699', '0059', '02', '', '2019-06-20 06:19:03'),
(366, '5910519055', '3', '2561', '256130016699005902', '0016699', '0059', '02', '', '2019-06-20 06:19:03'),
(367, '5910519060', '3', '2561', '256130016699005902', '0016699', '0059', '02', '', '2019-06-20 06:19:03'),
(368, '5910519083', '3', '2561', '256130016699005902', '0016699', '0059', '02', '', '2019-06-20 06:19:03'),
(369, '5910519077', '3', '2561', '256130016699005902', '0016699', '0059', '02', '', '2019-06-20 06:19:03'),
(370, '5910519082', '3', '2561', '256130016699005902', '0016699', '0059', '02', '', '2019-06-20 06:19:03'),
(371, '5910519079', '3', '2561', '256130016699005902', '0016699', '0059', '02', '', '2019-06-20 06:19:03'),
(372, '5910517088', '3', '2561', '256130015013023001', '0015013', '0230', '01', '', '2019-06-20 06:19:03'),
(373, '5910517058', '3', '2561', '256130015013023001', '0015013', '0230', '01', '', '2019-06-20 06:19:03'),
(374, '5910517127', '3', '2561', '256130015013023001', '0015013', '0230', '01', '', '2019-06-20 06:19:03'),
(375, '5910517087', '3', '2561', '256130015013023001', '0015013', '0230', '01', '', '2019-06-20 06:19:03'),
(376, '5910517044', '3', '2561', '256130015013023001', '0015013', '0230', '01', '', '2019-06-20 06:19:03'),
(377, '5910517002', '3', '2561', '256130015013023001', '0015013', '0230', '01', '', '2019-06-20 06:19:03'),
(378, '5910517051', '3', '2561', '256130015013023001', '0015013', '0230', '01', '', '2019-06-20 06:19:03'),
(379, '5910517110', '3', '2561', '256130015013023001', '0015013', '0230', '01', '', '2019-06-20 06:19:03'),
(380, '5910517145', '3', '2561', '256130015013023001', '0015013', '0230', '01', '', '2019-06-20 06:19:03'),
(381, '5910517054', '3', '2561', '256130015013023001', '0015013', '0230', '01', '', '2019-06-20 06:19:03'),
(382, '5910517136', '3', '2561', '256130015013023001', '0015013', '0230', '01', '', '2019-06-20 06:19:03'),
(383, '5910517112', '3', '2561', '256130015013023001', '0015013', '0230', '01', '', '2019-06-20 06:19:03'),
(384, '5910517140', '3', '2561', '256130015013023001', '0015013', '0230', '01', '', '2019-06-20 06:19:03'),
(385, '5910517168', '3', '2561', '256130015013023001', '0015013', '0230', '01', '', '2019-06-20 06:19:03'),
(386, '5910517020', '3', '2561', '256130015013023001', '0015013', '0230', '01', '', '2019-06-20 06:19:03'),
(387, '5910517067', '3', '2561', '256130015013023001', '0015013', '0230', '01', '', '2019-06-20 06:19:03'),
(388, '5910517041', '3', '2561', '256130015013023001', '0015013', '0230', '01', '', '2019-06-20 06:19:03'),
(389, '5910517017', '3', '2561', '256130015013023001', '0015013', '0230', '01', '', '2019-06-20 06:19:03'),
(390, '5910517030', '3', '2561', '256130015013023001', '0015013', '0230', '01', '', '2019-06-20 06:19:03'),
(391, '5910517101', '3', '2561', '256130015013023001', '0015013', '0230', '01', '', '2019-06-20 06:19:03'),
(392, '5910517014', '3', '2561', '256130015013023001', '0015013', '0230', '01', '', '2019-06-20 06:19:03'),
(393, '5910517023', '3', '2561', '256130015013023001', '0015013', '0230', '01', '', '2019-06-20 06:19:03'),
(394, '5910517010', '3', '2561', '256130015013023001', '0015013', '0230', '01', '', '2019-06-20 06:19:03'),
(395, '5910517021', '3', '2561', '256130015013023001', '0015013', '0230', '01', '', '2019-06-20 06:19:03'),
(396, '5910517037', '3', '2561', '256130015013023001', '0015013', '0230', '01', '', '2019-06-20 06:19:03'),
(397, '5910517040', '3', '2561', '256130015013023001', '0015013', '0230', '01', '', '2019-06-20 06:19:03'),
(398, '5910517107', '3', '2561', '256130015013023001', '0015013', '0230', '01', '', '2019-06-20 06:19:03'),
(399, '5910517100', '3', '2561', '256130015013023001', '0015013', '0230', '01', '', '2019-06-20 06:19:03'),
(400, '5910517072', '3', '2561', '256130015013023001', '0015013', '0230', '01', '', '2019-06-20 06:19:03'),
(401, '5910517120', '3', '2561', '256130015013023001', '0015013', '0230', '01', '', '2019-06-20 06:19:03'),
(402, '5910517152', '3', '2561', '256130015013023001', '0015013', '0230', '01', '', '2019-06-20 06:19:03'),
(403, '5910517052', '3', '2561', '256130015013023001', '0015013', '0230', '01', '', '2019-06-20 06:19:03'),
(404, '5910517158', '3', '2561', '256130015013023001', '0015013', '0230', '01', '', '2019-06-20 06:19:03'),
(405, '5910517144', '3', '2561', '256130015013023001', '0015013', '0230', '01', '', '2019-06-20 06:19:03'),
(406, '5910517073', '3', '2561', '256130015013023001', '0015013', '0230', '01', '', '2019-06-20 06:19:03'),
(407, '5910517143', '3', '2561', '256130015013023001', '0015013', '0230', '01', '', '2019-06-20 06:19:03'),
(408, '5910517009', '3', '2561', '256130015013023001', '0015013', '0230', '01', '', '2019-06-20 06:19:03'),
(409, '5910517047', '3', '2561', '256130015013023001', '0015013', '0230', '01', '', '2019-06-20 06:19:03'),
(410, '5910517111', '3', '2561', '256130015013023001', '0015013', '0230', '01', '', '2019-06-20 06:19:03'),
(411, '5910517117', '3', '2561', '256130015013023001', '0015013', '0230', '01', '', '2019-06-20 06:19:03'),
(412, '5910517076', '3', '2561', '256130015013023001', '0015013', '0230', '01', '', '2019-06-20 06:19:03'),
(413, '5910517033', '3', '2561', '256130015013023001', '0015013', '0230', '01', '', '2019-06-20 06:19:03'),
(414, '5910517159', '3', '2561', '256130015013023001', '0015013', '0230', '01', '', '2019-06-20 06:19:03'),
(415, '5910517038', '3', '2561', '256130015013023001', '0015013', '0230', '01', '', '2019-06-20 06:19:03'),
(416, '5910517099', '3', '2561', '256130015013023001', '0015013', '0230', '01', '', '2019-06-20 06:19:03'),
(417, '5910517061', '3', '2561', '256130015013023001', '0015013', '0230', '01', '', '2019-06-20 06:19:03'),
(418, '5910517004', '3', '2561', '256130015013023001', '0015013', '0230', '01', '', '2019-06-20 06:19:03'),
(419, '5910517096', '3', '2561', '256130015013023001', '0015013', '0230', '01', '', '2019-06-20 06:19:03'),
(420, '5910517057', '3', '2561', '256130015013023001', '0015013', '0230', '01', '', '2019-06-20 06:19:03'),
(421, '5910517080', '3', '2561', '256130015013023001', '0015013', '0230', '01', '', '2019-06-20 06:19:03'),
(422, '5910517092', '3', '2561', '256130015013023001', '0015013', '0230', '01', '', '2019-06-20 06:19:03'),
(423, '5910517102', '3', '2561', '256130015013023001', '0015013', '0230', '01', '', '2019-06-20 06:19:03'),
(424, '5910517046', '3', '2561', '256130015013023001', '0015013', '0230', '01', '', '2019-06-20 06:19:03'),
(425, '5910517013', '3', '2561', '256130015013023001', '0015013', '0230', '01', '', '2019-06-20 06:19:03'),
(426, '5910517015', '3', '2561', '256130015013023001', '0015013', '0230', '01', '', '2019-06-20 06:19:03'),
(427, '5910517137', '3', '2561', '256130015013023001', '0015013', '0230', '01', '', '2019-06-20 06:19:03'),
(428, '5910517139', '3', '2561', '256130015013023001', '0015013', '0230', '01', '', '2019-06-20 06:19:03'),
(429, '5910517059', '3', '2561', '256130015013023001', '0015013', '0230', '01', '', '2019-06-20 06:19:03'),
(430, '5910517081', '3', '2561', '256130015013023001', '0015013', '0230', '01', '', '2019-06-20 06:19:03'),
(431, '5910517064', '3', '2561', '256130015013023001', '0015013', '0230', '01', '', '2019-06-20 06:19:03'),
(432, '5910517105', '3', '2561', '256130015013023001', '0015013', '0230', '01', '', '2019-06-20 06:19:03'),
(433, '5910517042', '3', '2561', '256130015013023001', '0015013', '0230', '01', '', '2019-06-20 06:19:03'),
(434, '5910517130', '3', '2561', '256130015013023001', '0015013', '0230', '01', '', '2019-06-20 06:19:03'),
(435, '5910517062', '3', '2561', '256130015013023001', '0015013', '0230', '01', '', '2019-06-20 06:19:03'),
(436, '5910517150', '3', '2561', '256130015013023001', '0015013', '0230', '01', '', '2019-06-20 06:19:03'),
(437, '5910517129', '3', '2561', '256130015013023001', '0015013', '0230', '01', '', '2019-06-20 06:19:03'),
(438, '5910517035', '3', '2561', '256130015013023001', '0015013', '0230', '01', '', '2019-06-20 06:19:03'),
(439, '5910517097', '3', '2561', '256130015013023001', '0015013', '0230', '01', '', '2019-06-20 06:19:03'),
(440, '5910517123', '3', '2561', '256130015013023001', '0015013', '0230', '01', '', '2019-06-20 06:19:03'),
(441, '5910517121', '3', '2561', '256130015013023001', '0015013', '0230', '01', '', '2019-06-20 06:19:03'),
(442, '5910517065', '3', '2561', '256130015013023001', '0015013', '0230', '01', '', '2019-06-20 06:19:03'),
(443, '5910517039', '3', '2561', '256130015013023001', '0015013', '0230', '01', '', '2019-06-20 06:19:03'),
(444, '5910517128', '3', '2561', '256130015013023001', '0015013', '0230', '01', '', '2019-06-20 06:19:03'),
(445, '5910517075', '3', '2561', '256130015013023001', '0015013', '0230', '01', '', '2019-06-20 06:19:03'),
(446, '5910517053', '3', '2561', '256130015013023001', '0015013', '0230', '01', '', '2019-06-20 06:19:03'),
(447, '5910517069', '3', '2561', '256130015013023001', '0015013', '0230', '01', '', '2019-06-20 06:19:03'),
(448, '5910517125', '3', '2561', '256130015013023001', '0015013', '0230', '01', '', '2019-06-20 06:19:03'),
(449, '5910517082', '3', '2561', '256130015013023001', '0015013', '0230', '01', '', '2019-06-20 06:19:03'),
(450, '5910517148', '3', '2561', '256130015013023001', '0015013', '0230', '01', '', '2019-06-20 06:19:03'),
(451, '5910517068', '3', '2561', '256130015013023001', '0015013', '0230', '01', '', '2019-06-20 06:19:03'),
(452, '5910517164', '3', '2561', '256130015013023001', '0015013', '0230', '01', '', '2019-06-20 06:19:03'),
(453, '5910517141', '3', '2561', '256130015013023001', '0015013', '0230', '01', '', '2019-06-20 06:19:03'),
(454, '5910517003', '3', '2561', '256130015013023001', '0015013', '0230', '01', '', '2019-06-20 06:19:03'),
(455, '5910517115', '3', '2561', '256130015013023001', '0015013', '0230', '01', '', '2019-06-20 06:19:03'),
(456, '5910517106', '3', '2561', '256130015013023001', '0015013', '0230', '01', '', '2019-06-20 06:19:03'),
(457, '5910517050', '3', '2561', '256130015013023001', '0015013', '0230', '01', '', '2019-06-20 06:19:03'),
(458, '5910517084', '3', '2561', '256130015013023001', '0015013', '0230', '01', '', '2019-06-20 06:19:03'),
(459, '5910517005', '3', '2561', '256130015013023001', '0015013', '0230', '01', '', '2019-06-20 06:19:03'),
(460, '5910517031', '3', '2561', '256130015013023001', '0015013', '0230', '01', '', '2019-06-20 06:19:03'),
(461, '5910517103', '3', '2561', '256130015013023001', '0015013', '0230', '01', '', '2019-06-20 06:19:03'),
(462, '5910517078', '3', '2561', '256130015013023001', '0015013', '0230', '01', '', '2019-06-20 06:19:03'),
(463, '5910517019', '3', '2561', '256130015013023001', '0015013', '0230', '01', '', '2019-06-20 06:19:03'),
(464, '5810517098', '3', '2561', '256130015013023001', '0015013', '0230', '01', '', '2019-06-20 06:19:03'),
(465, '5910517089', '3', '2561', '256130015013023001', '0015013', '0230', '01', '', '2019-06-20 06:19:03'),
(466, '5910517156', '3', '2561', '256130015013023001', '0015013', '0230', '01', '', '2019-06-20 06:19:03'),
(467, '5910517093', '3', '2561', '256130015013023001', '0015013', '0230', '01', '', '2019-06-20 06:19:03'),
(468, '5910517113', '3', '2561', '256130015013023001', '0015013', '0230', '01', '', '2019-06-20 06:19:03'),
(469, '5910517074', '3', '2561', '256130015013023001', '0015013', '0230', '01', '', '2019-06-20 06:19:03'),
(470, '5910517094', '3', '2561', '256130015013023001', '0015013', '0230', '01', '', '2019-06-20 06:19:03'),
(471, '5910517138', '3', '2561', '256130015013023001', '0015013', '0230', '01', '', '2019-06-20 06:19:03');
INSERT INTO `student_regist` (`regist_id`, `student_id`, `edu_term`, `edu_year`, `section_offer_id`, `subjectid`, `deptid`, `secid`, `lecturer_id`, `add_date`) VALUES
(472, '5910517071', '3', '2561', '256130015013023001', '0015013', '0230', '01', '', '2019-06-20 06:19:03'),
(473, '5910517151', '3', '2561', '256130015013023001', '0015013', '0230', '01', '', '2019-06-20 06:19:03'),
(474, '5910517029', '3', '2561', '256130015013023001', '0015013', '0230', '01', '', '2019-06-20 06:19:03'),
(475, '5910517083', '3', '2561', '256130015013023001', '0015013', '0230', '01', '', '2019-06-20 06:19:03'),
(476, '5910517032', '3', '2561', '256130015013023001', '0015013', '0230', '01', '', '2019-06-20 06:19:03'),
(477, '5910517160', '3', '2561', '256130015013023001', '0015013', '0230', '01', '', '2019-06-20 06:19:03'),
(478, '5910517135', '3', '2561', '256130015013023001', '0015013', '0230', '01', '', '2019-06-20 06:19:03'),
(479, '5910517036', '3', '2561', '256130015013023001', '0015013', '0230', '01', '', '2019-06-20 06:19:03'),
(480, '5910517016', '3', '2561', '256130015013023001', '0015013', '0230', '01', '', '2019-06-20 06:19:03'),
(481, '5910517007', '3', '2561', '256130015013023001', '0015013', '0230', '01', '', '2019-06-20 06:19:03'),
(482, '5910517049', '3', '2561', '256130015013023001', '0015013', '0230', '01', '', '2019-06-20 06:19:03'),
(483, '5910517147', '3', '2561', '256130015013023001', '0015013', '0230', '01', '', '2019-06-20 06:19:03'),
(484, '5910517045', '3', '2561', '256130015013023001', '0015013', '0230', '01', '', '2019-06-20 06:19:03'),
(485, '5910517133', '3', '2561', '256130015013023001', '0015013', '0230', '01', '', '2019-06-20 06:19:03'),
(486, '5910517155', '3', '2561', '256130015013023001', '0015013', '0230', '01', '', '2019-06-20 06:19:03'),
(487, '5910517034', '3', '2561', '256130015013023001', '0015013', '0230', '01', '', '2019-06-20 06:19:03'),
(488, '5910517066', '3', '2561', '256130015013023001', '0015013', '0230', '01', '', '2019-06-20 06:19:03'),
(489, '5910517091', '3', '2561', '256130015013023001', '0015013', '0230', '01', '', '2019-06-20 06:19:03'),
(490, '5910517157', '3', '2561', '256130015013023001', '0015013', '0230', '01', '', '2019-06-20 06:19:03'),
(491, '5910517119', '3', '2561', '256130015013023001', '0015013', '0230', '01', '', '2019-06-20 06:19:03'),
(492, '5910517022', '3', '2561', '256130015013023001', '0015013', '0230', '01', '', '2019-06-20 06:19:03'),
(493, '5910517027', '3', '2561', '256130015013023001', '0015013', '0230', '01', '', '2019-06-20 06:19:03'),
(494, '5910517114', '3', '2561', '256130015013023001', '0015013', '0230', '01', '', '2019-06-20 06:19:03'),
(495, '5910517142', '3', '2561', '256130015013023001', '0015013', '0230', '01', '', '2019-06-20 06:19:03'),
(496, '5910517104', '3', '2561', '256130015013023001', '0015013', '0230', '01', '', '2019-06-20 06:19:03'),
(497, '5910517070', '3', '2561', '256130015013023001', '0015013', '0230', '01', '', '2019-06-20 06:19:03'),
(498, '5910517154', '3', '2561', '256130015013023001', '0015013', '0230', '01', '', '2019-06-20 06:19:03'),
(499, '5910517018', '3', '2561', '256130015013023001', '0015013', '0230', '01', '', '2019-06-20 06:19:03'),
(500, '5910517077', '3', '2561', '256130015013023001', '0015013', '0230', '01', '', '2019-06-20 06:19:03'),
(501, '5910517126', '3', '2561', '256130015013023001', '0015013', '0230', '01', '', '2019-06-20 06:19:03'),
(502, '5910517025', '3', '2561', '256130015013023001', '0015013', '0230', '01', '', '2019-06-20 06:19:03'),
(503, '5910517163', '3', '2561', '256130015013023001', '0015013', '0230', '01', '', '2019-06-20 06:19:03'),
(504, '5910517060', '3', '2561', '256130015013023001', '0015013', '0230', '01', '', '2019-06-20 06:19:03'),
(505, '5910517167', '3', '2561', '256130015013023001', '0015013', '0230', '01', '', '2019-06-20 06:19:03'),
(506, '5910517162', '3', '2561', '256130015013023001', '0015013', '0230', '01', '', '2019-06-20 06:19:03'),
(507, '5910517122', '3', '2561', '256130015013023001', '0015013', '0230', '01', '', '2019-06-20 06:19:03'),
(508, '5910517109', '3', '2561', '256130015013023001', '0015013', '0230', '01', '', '2019-06-20 06:19:03'),
(509, '5910517095', '3', '2561', '256130015013023001', '0015013', '0230', '01', '', '2019-06-20 06:19:03'),
(510, '5910517116', '3', '2561', '256130015013023001', '0015013', '0230', '01', '', '2019-06-20 06:19:03'),
(511, '5910517085', '3', '2561', '256130015013023001', '0015013', '0230', '01', '', '2019-06-20 06:19:03'),
(512, '5910517028', '3', '2561', '256130015013023001', '0015013', '0230', '01', '', '2019-06-20 06:19:03'),
(513, '5910517098', '3', '2561', '256130015013023001', '0015013', '0230', '01', '', '2019-06-20 06:19:03'),
(514, '5910517056', '3', '2561', '256130015013023001', '0015013', '0230', '01', '', '2019-06-20 06:19:03'),
(515, '5910517048', '3', '2561', '256130015013023001', '0015013', '0230', '01', '', '2019-06-20 06:19:03'),
(516, '5910517024', '3', '2561', '256130015013023001', '0015013', '0230', '01', '', '2019-06-20 06:19:03'),
(517, '5910517043', '3', '2561', '256130015013023001', '0015013', '0230', '01', '', '2019-06-20 06:19:03'),
(518, '5910517086', '3', '2561', '256130015013023001', '0015013', '0230', '01', '', '2019-06-20 06:19:03'),
(519, '5910517149', '3', '2561', '256130015013023001', '0015013', '0230', '01', '', '2019-06-20 06:19:03'),
(520, '5910517131', '3', '2561', '256130015013023001', '0015013', '0230', '01', '', '2019-06-20 06:19:03'),
(521, '5910517088', '3', '2561', '256130015013023001', '0015013', '0230', '01', '', '2019-06-20 06:19:03'),
(522, '5910517058', '3', '2561', '256130015013023001', '0015013', '0230', '01', '', '2019-06-20 06:19:03'),
(523, '5910517127', '3', '2561', '256130015013023001', '0015013', '0230', '01', '', '2019-06-20 06:19:03'),
(524, '5910517087', '3', '2561', '256130015013023001', '0015013', '0230', '01', '', '2019-06-20 06:19:03'),
(525, '5910517044', '3', '2561', '256130015013023001', '0015013', '0230', '01', '', '2019-06-20 06:19:03'),
(526, '5910517002', '3', '2561', '256130015013023001', '0015013', '0230', '01', '', '2019-06-20 06:19:03'),
(527, '5910517051', '3', '2561', '256130015013023001', '0015013', '0230', '01', '', '2019-06-20 06:19:03'),
(528, '5910517110', '3', '2561', '256130015013023001', '0015013', '0230', '01', '', '2019-06-20 06:19:03'),
(529, '5910517145', '3', '2561', '256130015013023001', '0015013', '0230', '01', '', '2019-06-20 06:19:03'),
(530, '5910517054', '3', '2561', '256130015013023001', '0015013', '0230', '01', '', '2019-06-20 06:19:03'),
(531, '5910517136', '3', '2561', '256130015013023001', '0015013', '0230', '01', '', '2019-06-20 06:19:03'),
(532, '5910517112', '3', '2561', '256130015013023001', '0015013', '0230', '01', '', '2019-06-20 06:19:03'),
(533, '5910517140', '3', '2561', '256130015013023001', '0015013', '0230', '01', '', '2019-06-20 06:19:03'),
(534, '5910517168', '3', '2561', '256130015013023001', '0015013', '0230', '01', '', '2019-06-20 06:19:03'),
(535, '5910517020', '3', '2561', '256130015013023001', '0015013', '0230', '01', '', '2019-06-20 06:19:03'),
(536, '5910517067', '3', '2561', '256130015013023001', '0015013', '0230', '01', '', '2019-06-20 06:19:03'),
(537, '5910517041', '3', '2561', '256130015013023001', '0015013', '0230', '01', '', '2019-06-20 06:19:03'),
(538, '5910517017', '3', '2561', '256130015013023001', '0015013', '0230', '01', '', '2019-06-20 06:19:03'),
(539, '5910517030', '3', '2561', '256130015013023001', '0015013', '0230', '01', '', '2019-06-20 06:19:03'),
(540, '5910517101', '3', '2561', '256130015013023001', '0015013', '0230', '01', '', '2019-06-20 06:19:03'),
(541, '5910517014', '3', '2561', '256130015013023001', '0015013', '0230', '01', '', '2019-06-20 06:19:03'),
(542, '5910517023', '3', '2561', '256130015013023001', '0015013', '0230', '01', '', '2019-06-20 06:19:03'),
(543, '5910517010', '3', '2561', '256130015013023001', '0015013', '0230', '01', '', '2019-06-20 06:19:03'),
(544, '5910517021', '3', '2561', '256130015013023001', '0015013', '0230', '01', '', '2019-06-20 06:19:03'),
(545, '5910517037', '3', '2561', '256130015013023001', '0015013', '0230', '01', '', '2019-06-20 06:19:03'),
(546, '5910517040', '3', '2561', '256130015013023001', '0015013', '0230', '01', '', '2019-06-20 06:19:03'),
(547, '5910517107', '3', '2561', '256130015013023001', '0015013', '0230', '01', '', '2019-06-20 06:19:03'),
(548, '5910517100', '3', '2561', '256130015013023001', '0015013', '0230', '01', '', '2019-06-20 06:19:03'),
(549, '5910517072', '3', '2561', '256130015013023001', '0015013', '0230', '01', '', '2019-06-20 06:19:03'),
(550, '5910517120', '3', '2561', '256130015013023001', '0015013', '0230', '01', '', '2019-06-20 06:19:03'),
(551, '5910517152', '3', '2561', '256130015013023001', '0015013', '0230', '01', '', '2019-06-20 06:19:03'),
(552, '5910517052', '3', '2561', '256130015013023001', '0015013', '0230', '01', '', '2019-06-20 06:19:03'),
(553, '5910517158', '3', '2561', '256130015013023001', '0015013', '0230', '01', '', '2019-06-20 06:19:03'),
(554, '5910517144', '3', '2561', '256130015013023001', '0015013', '0230', '01', '', '2019-06-20 06:19:03'),
(555, '5910517073', '3', '2561', '256130015013023001', '0015013', '0230', '01', '', '2019-06-20 06:19:03'),
(556, '5910517143', '3', '2561', '256130015013023001', '0015013', '0230', '01', '', '2019-06-20 06:19:03'),
(557, '5910517009', '3', '2561', '256130015013023001', '0015013', '0230', '01', '', '2019-06-20 06:19:03'),
(558, '5910517047', '3', '2561', '256130015013023001', '0015013', '0230', '01', '', '2019-06-20 06:19:03'),
(559, '5910517111', '3', '2561', '256130015013023001', '0015013', '0230', '01', '', '2019-06-20 06:19:03'),
(560, '5910517117', '3', '2561', '256130015013023001', '0015013', '0230', '01', '', '2019-06-20 06:19:03'),
(561, '5910517076', '3', '2561', '256130015013023001', '0015013', '0230', '01', '', '2019-06-20 06:19:03'),
(562, '5910517033', '3', '2561', '256130015013023001', '0015013', '0230', '01', '', '2019-06-20 06:19:03'),
(563, '5910517159', '3', '2561', '256130015013023001', '0015013', '0230', '01', '', '2019-06-20 06:19:03'),
(564, '5910517038', '3', '2561', '256130015013023001', '0015013', '0230', '01', '', '2019-06-20 06:19:03'),
(565, '5910517099', '3', '2561', '256130015013023001', '0015013', '0230', '01', '', '2019-06-20 06:19:03'),
(566, '5910517061', '3', '2561', '256130015013023001', '0015013', '0230', '01', '', '2019-06-20 06:19:03'),
(567, '5910517004', '3', '2561', '256130015013023001', '0015013', '0230', '01', '', '2019-06-20 06:19:03'),
(568, '5910517096', '3', '2561', '256130015013023001', '0015013', '0230', '01', '', '2019-06-20 06:19:03'),
(569, '5910517057', '3', '2561', '256130015013023001', '0015013', '0230', '01', '', '2019-06-20 06:19:03'),
(570, '5910517080', '3', '2561', '256130015013023001', '0015013', '0230', '01', '', '2019-06-20 06:19:03'),
(571, '5910517092', '3', '2561', '256130015013023001', '0015013', '0230', '01', '', '2019-06-20 06:19:03'),
(572, '5910517102', '3', '2561', '256130015013023001', '0015013', '0230', '01', '', '2019-06-20 06:19:03'),
(573, '5910517046', '3', '2561', '256130015013023001', '0015013', '0230', '01', '', '2019-06-20 06:19:03'),
(574, '5910517013', '3', '2561', '256130015013023001', '0015013', '0230', '01', '', '2019-06-20 06:19:03'),
(575, '5910517015', '3', '2561', '256130015013023001', '0015013', '0230', '01', '', '2019-06-20 06:19:03'),
(576, '5910517137', '3', '2561', '256130015013023001', '0015013', '0230', '01', '', '2019-06-20 06:19:03'),
(577, '5910517139', '3', '2561', '256130015013023001', '0015013', '0230', '01', '', '2019-06-20 06:19:03'),
(578, '5910517059', '3', '2561', '256130015013023001', '0015013', '0230', '01', '', '2019-06-20 06:19:03'),
(579, '5910517081', '3', '2561', '256130015013023001', '0015013', '0230', '01', '', '2019-06-20 06:19:03'),
(580, '5910517064', '3', '2561', '256130015013023001', '0015013', '0230', '01', '', '2019-06-20 06:19:03'),
(581, '5910517105', '3', '2561', '256130015013023001', '0015013', '0230', '01', '', '2019-06-20 06:19:03'),
(582, '5910517042', '3', '2561', '256130015013023001', '0015013', '0230', '01', '', '2019-06-20 06:19:03'),
(583, '5910517130', '3', '2561', '256130015013023001', '0015013', '0230', '01', '', '2019-06-20 06:19:03'),
(584, '5910517062', '3', '2561', '256130015013023001', '0015013', '0230', '01', '', '2019-06-20 06:19:03'),
(585, '5910517150', '3', '2561', '256130015013023001', '0015013', '0230', '01', '', '2019-06-20 06:19:03'),
(586, '5910517129', '3', '2561', '256130015013023001', '0015013', '0230', '01', '', '2019-06-20 06:19:03'),
(587, '5910517035', '3', '2561', '256130015013023001', '0015013', '0230', '01', '', '2019-06-20 06:19:03'),
(588, '5910517097', '3', '2561', '256130015013023001', '0015013', '0230', '01', '', '2019-06-20 06:19:03'),
(589, '5910517123', '3', '2561', '256130015013023001', '0015013', '0230', '01', '', '2019-06-20 06:19:03'),
(590, '5910517121', '3', '2561', '256130015013023001', '0015013', '0230', '01', '', '2019-06-20 06:19:03'),
(591, '5910517065', '3', '2561', '256130015013023001', '0015013', '0230', '01', '', '2019-06-20 06:19:03'),
(592, '5910517039', '3', '2561', '256130015013023001', '0015013', '0230', '01', '', '2019-06-20 06:19:03'),
(593, '5910517128', '3', '2561', '256130015013023001', '0015013', '0230', '01', '', '2019-06-20 06:19:03'),
(594, '5910517075', '3', '2561', '256130015013023001', '0015013', '0230', '01', '', '2019-06-20 06:19:03'),
(595, '5910517053', '3', '2561', '256130015013023001', '0015013', '0230', '01', '', '2019-06-20 06:19:03'),
(596, '5910517069', '3', '2561', '256130015013023001', '0015013', '0230', '01', '', '2019-06-20 06:19:03'),
(597, '5910517125', '3', '2561', '256130015013023001', '0015013', '0230', '01', '', '2019-06-20 06:19:03'),
(598, '5910517082', '3', '2561', '256130015013023001', '0015013', '0230', '01', '', '2019-06-20 06:19:03'),
(599, '5910517148', '3', '2561', '256130015013023001', '0015013', '0230', '01', '', '2019-06-20 06:19:03'),
(600, '5910517068', '3', '2561', '256130015013023001', '0015013', '0230', '01', '', '2019-06-20 06:19:03'),
(601, '5910517164', '3', '2561', '256130015013023001', '0015013', '0230', '01', '', '2019-06-20 06:19:03'),
(602, '5910517141', '3', '2561', '256130015013023001', '0015013', '0230', '01', '', '2019-06-20 06:19:03'),
(603, '5910517003', '3', '2561', '256130015013023001', '0015013', '0230', '01', '', '2019-06-20 06:19:03'),
(604, '5910517115', '3', '2561', '256130015013023001', '0015013', '0230', '01', '', '2019-06-20 06:19:03'),
(605, '5910517106', '3', '2561', '256130015013023001', '0015013', '0230', '01', '', '2019-06-20 06:19:03'),
(606, '5910517050', '3', '2561', '256130015013023001', '0015013', '0230', '01', '', '2019-06-20 06:19:03'),
(607, '5910517084', '3', '2561', '256130015013023001', '0015013', '0230', '01', '', '2019-06-20 06:19:03'),
(608, '5910517005', '3', '2561', '256130015013023001', '0015013', '0230', '01', '', '2019-06-20 06:19:03'),
(609, '5910517031', '3', '2561', '256130015013023001', '0015013', '0230', '01', '', '2019-06-20 06:19:03'),
(610, '5910517103', '3', '2561', '256130015013023001', '0015013', '0230', '01', '', '2019-06-20 06:19:03'),
(611, '5910517078', '3', '2561', '256130015013023001', '0015013', '0230', '01', '', '2019-06-20 06:19:03'),
(612, '5910517019', '3', '2561', '256130015013023001', '0015013', '0230', '01', '', '2019-06-20 06:19:03'),
(613, '5810517098', '3', '2561', '256130015013023001', '0015013', '0230', '01', '', '2019-06-20 06:19:03'),
(614, '5910517089', '3', '2561', '256130015013023001', '0015013', '0230', '01', '', '2019-06-20 06:19:03'),
(615, '5910517156', '3', '2561', '256130015013023001', '0015013', '0230', '01', '', '2019-06-20 06:19:03'),
(616, '5910517093', '3', '2561', '256130015013023001', '0015013', '0230', '01', '', '2019-06-20 06:19:03'),
(617, '5910517113', '3', '2561', '256130015013023001', '0015013', '0230', '01', '', '2019-06-20 06:19:03'),
(618, '5910517074', '3', '2561', '256130015013023001', '0015013', '0230', '01', '', '2019-06-20 06:19:03'),
(619, '5910517094', '3', '2561', '256130015013023001', '0015013', '0230', '01', '', '2019-06-20 06:19:03'),
(620, '5910517138', '3', '2561', '256130015013023001', '0015013', '0230', '01', '', '2019-06-20 06:19:03'),
(621, '5910517071', '3', '2561', '256130015013023001', '0015013', '0230', '01', '', '2019-06-20 06:19:03'),
(622, '5910517151', '3', '2561', '256130015013023001', '0015013', '0230', '01', '', '2019-06-20 06:19:03'),
(623, '5910517029', '3', '2561', '256130015013023001', '0015013', '0230', '01', '', '2019-06-20 06:19:03'),
(624, '5910517083', '3', '2561', '256130015013023001', '0015013', '0230', '01', '', '2019-06-20 06:19:03'),
(625, '5910517032', '3', '2561', '256130015013023001', '0015013', '0230', '01', '', '2019-06-20 06:19:03'),
(626, '5910517160', '3', '2561', '256130015013023001', '0015013', '0230', '01', '', '2019-06-20 06:19:03'),
(627, '5910517135', '3', '2561', '256130015013023001', '0015013', '0230', '01', '', '2019-06-20 06:19:03'),
(628, '5910517036', '3', '2561', '256130015013023001', '0015013', '0230', '01', '', '2019-06-20 06:19:03'),
(629, '5910517016', '3', '2561', '256130015013023001', '0015013', '0230', '01', '', '2019-06-20 06:19:03'),
(630, '5910517007', '3', '2561', '256130015013023001', '0015013', '0230', '01', '', '2019-06-20 06:19:03'),
(631, '5910517049', '3', '2561', '256130015013023001', '0015013', '0230', '01', '', '2019-06-20 06:19:03'),
(632, '5910517147', '3', '2561', '256130015013023001', '0015013', '0230', '01', '', '2019-06-20 06:19:03'),
(633, '5910517045', '3', '2561', '256130015013023001', '0015013', '0230', '01', '', '2019-06-20 06:19:03'),
(634, '5910517133', '3', '2561', '256130015013023001', '0015013', '0230', '01', '', '2019-06-20 06:19:03'),
(635, '5910517155', '3', '2561', '256130015013023001', '0015013', '0230', '01', '', '2019-06-20 06:19:03'),
(636, '5910517034', '3', '2561', '256130015013023001', '0015013', '0230', '01', '', '2019-06-20 06:19:03'),
(637, '5910517066', '3', '2561', '256130015013023001', '0015013', '0230', '01', '', '2019-06-20 06:19:03'),
(638, '5910517091', '3', '2561', '256130015013023001', '0015013', '0230', '01', '', '2019-06-20 06:19:03'),
(639, '5910517157', '3', '2561', '256130015013023001', '0015013', '0230', '01', '', '2019-06-20 06:19:03'),
(640, '5910517119', '3', '2561', '256130015013023001', '0015013', '0230', '01', '', '2019-06-20 06:19:03'),
(641, '5910517022', '3', '2561', '256130015013023001', '0015013', '0230', '01', '', '2019-06-20 06:19:03'),
(642, '5910517027', '3', '2561', '256130015013023001', '0015013', '0230', '01', '', '2019-06-20 06:19:03'),
(643, '5910517114', '3', '2561', '256130015013023001', '0015013', '0230', '01', '', '2019-06-20 06:19:03'),
(644, '5910517142', '3', '2561', '256130015013023001', '0015013', '0230', '01', '', '2019-06-20 06:19:03'),
(645, '5910517104', '3', '2561', '256130015013023001', '0015013', '0230', '01', '', '2019-06-20 06:19:03'),
(646, '5910517070', '3', '2561', '256130015013023001', '0015013', '0230', '01', '', '2019-06-20 06:19:03'),
(647, '5910517154', '3', '2561', '256130015013023001', '0015013', '0230', '01', '', '2019-06-20 06:19:03'),
(648, '5910517018', '3', '2561', '256130015013023001', '0015013', '0230', '01', '', '2019-06-20 06:19:03'),
(649, '5910517077', '3', '2561', '256130015013023001', '0015013', '0230', '01', '', '2019-06-20 06:19:03'),
(650, '5910517126', '3', '2561', '256130015013023001', '0015013', '0230', '01', '', '2019-06-20 06:19:03'),
(651, '5910517025', '3', '2561', '256130015013023001', '0015013', '0230', '01', '', '2019-06-20 06:19:03'),
(652, '5910517163', '3', '2561', '256130015013023001', '0015013', '0230', '01', '', '2019-06-20 06:19:03'),
(653, '5910517060', '3', '2561', '256130015013023001', '0015013', '0230', '01', '', '2019-06-20 06:19:03'),
(654, '5910517167', '3', '2561', '256130015013023001', '0015013', '0230', '01', '', '2019-06-20 06:19:03'),
(655, '5910517162', '3', '2561', '256130015013023001', '0015013', '0230', '01', '', '2019-06-20 06:19:03'),
(656, '5910517122', '3', '2561', '256130015013023001', '0015013', '0230', '01', '', '2019-06-20 06:19:03'),
(657, '5910517109', '3', '2561', '256130015013023001', '0015013', '0230', '01', '', '2019-06-20 06:19:03'),
(658, '5910517095', '3', '2561', '256130015013023001', '0015013', '0230', '01', '', '2019-06-20 06:19:03'),
(659, '5910517116', '3', '2561', '256130015013023001', '0015013', '0230', '01', '', '2019-06-20 06:19:03'),
(660, '5910517085', '3', '2561', '256130015013023001', '0015013', '0230', '01', '', '2019-06-20 06:19:03'),
(661, '5910517028', '3', '2561', '256130015013023001', '0015013', '0230', '01', '', '2019-06-20 06:19:03'),
(662, '5910517098', '3', '2561', '256130015013023001', '0015013', '0230', '01', '', '2019-06-20 06:19:03'),
(663, '5910517056', '3', '2561', '256130015013023001', '0015013', '0230', '01', '', '2019-06-20 06:19:03'),
(664, '5910517048', '3', '2561', '256130015013023001', '0015013', '0230', '01', '', '2019-06-20 06:19:03'),
(665, '5910517024', '3', '2561', '256130015013023001', '0015013', '0230', '01', '', '2019-06-20 06:19:03'),
(666, '5910517043', '3', '2561', '256130015013023001', '0015013', '0230', '01', '', '2019-06-20 06:19:03'),
(667, '5910517086', '3', '2561', '256130015013023001', '0015013', '0230', '01', '', '2019-06-20 06:19:03'),
(668, '5910517149', '3', '2561', '256130015013023001', '0015013', '0230', '01', '', '2019-06-20 06:19:03'),
(669, '5910517131', '3', '2561', '256130015013023001', '0015013', '0230', '01', '', '2019-06-20 06:19:03'),
(670, '5910517088', '3', '2561', '256130015013023001', '0015013', '0230', '01', '', '2019-06-20 06:19:03'),
(671, '5910517058', '3', '2561', '256130015013023001', '0015013', '0230', '01', '', '2019-06-20 06:19:03'),
(672, '5910517127', '3', '2561', '256130015013023001', '0015013', '0230', '01', '', '2019-06-20 06:19:03'),
(673, '5910517087', '3', '2561', '256130015013023001', '0015013', '0230', '01', '', '2019-06-20 06:19:03'),
(674, '5910517044', '3', '2561', '256130015013023001', '0015013', '0230', '01', '', '2019-06-20 06:19:03'),
(675, '5910517002', '3', '2561', '256130015013023001', '0015013', '0230', '01', '', '2019-06-20 06:19:03'),
(676, '5910517051', '3', '2561', '256130015013023001', '0015013', '0230', '01', '', '2019-06-20 06:19:03'),
(677, '5910517110', '3', '2561', '256130015013023001', '0015013', '0230', '01', '', '2019-06-20 06:19:03'),
(678, '5910517145', '3', '2561', '256130015013023001', '0015013', '0230', '01', '', '2019-06-20 06:19:03'),
(679, '5910517054', '3', '2561', '256130015013023001', '0015013', '0230', '01', '', '2019-06-20 06:19:03'),
(680, '5910517136', '3', '2561', '256130015013023001', '0015013', '0230', '01', '', '2019-06-20 06:19:03'),
(681, '5910517112', '3', '2561', '256130015013023001', '0015013', '0230', '01', '', '2019-06-20 06:19:03'),
(682, '5910517140', '3', '2561', '256130015013023001', '0015013', '0230', '01', '', '2019-06-20 06:19:03'),
(683, '5910517168', '3', '2561', '256130015013023001', '0015013', '0230', '01', '', '2019-06-20 06:19:03'),
(684, '5910517020', '3', '2561', '256130015013023001', '0015013', '0230', '01', '', '2019-06-20 06:19:03'),
(685, '5910517067', '3', '2561', '256130015013023001', '0015013', '0230', '01', '', '2019-06-20 06:19:03'),
(686, '5910517041', '3', '2561', '256130015013023001', '0015013', '0230', '01', '', '2019-06-20 06:19:03'),
(687, '5910517017', '3', '2561', '256130015013023001', '0015013', '0230', '01', '', '2019-06-20 06:19:03'),
(688, '5910517030', '3', '2561', '256130015013023001', '0015013', '0230', '01', '', '2019-06-20 06:19:03'),
(689, '5910517101', '3', '2561', '256130015013023001', '0015013', '0230', '01', '', '2019-06-20 06:19:03'),
(690, '5910517014', '3', '2561', '256130015013023001', '0015013', '0230', '01', '', '2019-06-20 06:19:03'),
(691, '5910517023', '3', '2561', '256130015013023001', '0015013', '0230', '01', '', '2019-06-20 06:19:03'),
(692, '5910517010', '3', '2561', '256130015013023001', '0015013', '0230', '01', '', '2019-06-20 06:19:03'),
(693, '5910517021', '3', '2561', '256130015013023001', '0015013', '0230', '01', '', '2019-06-20 06:19:03'),
(694, '5910517037', '3', '2561', '256130015013023001', '0015013', '0230', '01', '', '2019-06-20 06:19:03'),
(695, '5910517040', '3', '2561', '256130015013023001', '0015013', '0230', '01', '', '2019-06-20 06:19:03'),
(696, '5910517107', '3', '2561', '256130015013023001', '0015013', '0230', '01', '', '2019-06-20 06:19:03'),
(697, '5910517100', '3', '2561', '256130015013023001', '0015013', '0230', '01', '', '2019-06-20 06:19:03'),
(698, '5910517072', '3', '2561', '256130015013023001', '0015013', '0230', '01', '', '2019-06-20 06:19:03'),
(699, '5910517120', '3', '2561', '256130015013023001', '0015013', '0230', '01', '', '2019-06-20 06:19:03'),
(700, '5910517152', '3', '2561', '256130015013023001', '0015013', '0230', '01', '', '2019-06-20 06:19:03'),
(701, '5910517052', '3', '2561', '256130015013023001', '0015013', '0230', '01', '', '2019-06-20 06:19:03'),
(702, '5910517158', '3', '2561', '256130015013023001', '0015013', '0230', '01', '', '2019-06-20 06:19:03'),
(703, '5910517144', '3', '2561', '256130015013023001', '0015013', '0230', '01', '', '2019-06-20 06:19:03'),
(704, '5910517073', '3', '2561', '256130015013023001', '0015013', '0230', '01', '', '2019-06-20 06:19:03'),
(705, '5910517143', '3', '2561', '256130015013023001', '0015013', '0230', '01', '', '2019-06-20 06:19:03'),
(706, '5910517009', '3', '2561', '256130015013023001', '0015013', '0230', '01', '', '2019-06-20 06:19:03'),
(707, '5910517047', '3', '2561', '256130015013023001', '0015013', '0230', '01', '', '2019-06-20 06:19:03'),
(708, '5910517111', '3', '2561', '256130015013023001', '0015013', '0230', '01', '', '2019-06-20 06:19:03'),
(709, '5910517117', '3', '2561', '256130015013023001', '0015013', '0230', '01', '', '2019-06-20 06:19:03'),
(710, '5910517076', '3', '2561', '256130015013023001', '0015013', '0230', '01', '', '2019-06-20 06:19:03'),
(711, '5910517033', '3', '2561', '256130015013023001', '0015013', '0230', '01', '', '2019-06-20 06:19:03'),
(712, '5910517159', '3', '2561', '256130015013023001', '0015013', '0230', '01', '', '2019-06-20 06:19:03'),
(713, '5910517038', '3', '2561', '256130015013023001', '0015013', '0230', '01', '', '2019-06-20 06:19:03'),
(714, '5910517099', '3', '2561', '256130015013023001', '0015013', '0230', '01', '', '2019-06-20 06:19:03'),
(715, '5910517061', '3', '2561', '256130015013023001', '0015013', '0230', '01', '', '2019-06-20 06:19:03'),
(716, '5910517004', '3', '2561', '256130015013023001', '0015013', '0230', '01', '', '2019-06-20 06:19:03'),
(717, '5910517096', '3', '2561', '256130015013023001', '0015013', '0230', '01', '', '2019-06-20 06:19:03'),
(718, '5910517057', '3', '2561', '256130015013023001', '0015013', '0230', '01', '', '2019-06-20 06:19:03'),
(719, '5910517080', '3', '2561', '256130015013023001', '0015013', '0230', '01', '', '2019-06-20 06:19:03'),
(720, '5910517092', '3', '2561', '256130015013023001', '0015013', '0230', '01', '', '2019-06-20 06:19:03'),
(721, '5910517102', '3', '2561', '256130015013023001', '0015013', '0230', '01', '', '2019-06-20 06:19:03'),
(722, '5910517046', '3', '2561', '256130015013023001', '0015013', '0230', '01', '', '2019-06-20 06:19:03'),
(723, '5910517013', '3', '2561', '256130015013023001', '0015013', '0230', '01', '', '2019-06-20 06:19:03'),
(724, '5910517015', '3', '2561', '256130015013023001', '0015013', '0230', '01', '', '2019-06-20 06:19:03'),
(725, '5910517137', '3', '2561', '256130015013023001', '0015013', '0230', '01', '', '2019-06-20 06:19:03'),
(726, '5910517139', '3', '2561', '256130015013023001', '0015013', '0230', '01', '', '2019-06-20 06:19:03'),
(727, '5910517059', '3', '2561', '256130015013023001', '0015013', '0230', '01', '', '2019-06-20 06:19:03'),
(728, '5910517081', '3', '2561', '256130015013023001', '0015013', '0230', '01', '', '2019-06-20 06:19:03'),
(729, '5910517064', '3', '2561', '256130015013023001', '0015013', '0230', '01', '', '2019-06-20 06:19:03'),
(730, '5910517105', '3', '2561', '256130015013023001', '0015013', '0230', '01', '', '2019-06-20 06:19:03'),
(731, '5910517042', '3', '2561', '256130015013023001', '0015013', '0230', '01', '', '2019-06-20 06:19:03'),
(732, '5910517130', '3', '2561', '256130015013023001', '0015013', '0230', '01', '', '2019-06-20 06:19:03'),
(733, '5910517062', '3', '2561', '256130015013023001', '0015013', '0230', '01', '', '2019-06-20 06:19:03'),
(734, '5910517150', '3', '2561', '256130015013023001', '0015013', '0230', '01', '', '2019-06-20 06:19:03'),
(735, '5910517129', '3', '2561', '256130015013023001', '0015013', '0230', '01', '', '2019-06-20 06:19:03'),
(736, '5910517035', '3', '2561', '256130015013023001', '0015013', '0230', '01', '', '2019-06-20 06:19:03'),
(737, '5910517097', '3', '2561', '256130015013023001', '0015013', '0230', '01', '', '2019-06-20 06:19:03'),
(738, '5910517123', '3', '2561', '256130015013023001', '0015013', '0230', '01', '', '2019-06-20 06:19:03'),
(739, '5910517121', '3', '2561', '256130015013023001', '0015013', '0230', '01', '', '2019-06-20 06:19:03'),
(740, '5910517065', '3', '2561', '256130015013023001', '0015013', '0230', '01', '', '2019-06-20 06:19:03'),
(741, '5910517039', '3', '2561', '256130015013023001', '0015013', '0230', '01', '', '2019-06-20 06:19:03'),
(742, '5910517128', '3', '2561', '256130015013023001', '0015013', '0230', '01', '', '2019-06-20 06:19:03'),
(743, '5910517075', '3', '2561', '256130015013023001', '0015013', '0230', '01', '', '2019-06-20 06:19:03'),
(744, '5910517053', '3', '2561', '256130015013023001', '0015013', '0230', '01', '', '2019-06-20 06:19:03'),
(745, '5910517069', '3', '2561', '256130015013023001', '0015013', '0230', '01', '', '2019-06-20 06:19:03'),
(746, '5910517125', '3', '2561', '256130015013023001', '0015013', '0230', '01', '', '2019-06-20 06:19:03'),
(747, '5910517082', '3', '2561', '256130015013023001', '0015013', '0230', '01', '', '2019-06-20 06:19:03'),
(748, '5910517148', '3', '2561', '256130015013023001', '0015013', '0230', '01', '', '2019-06-20 06:19:03'),
(749, '5910517068', '3', '2561', '256130015013023001', '0015013', '0230', '01', '', '2019-06-20 06:19:03'),
(750, '5910517164', '3', '2561', '256130015013023001', '0015013', '0230', '01', '', '2019-06-20 06:19:03'),
(751, '5910517141', '3', '2561', '256130015013023001', '0015013', '0230', '01', '', '2019-06-20 06:19:03'),
(752, '5910517003', '3', '2561', '256130015013023001', '0015013', '0230', '01', '', '2019-06-20 06:19:03'),
(753, '5910517115', '3', '2561', '256130015013023001', '0015013', '0230', '01', '', '2019-06-20 06:19:03'),
(754, '5910517106', '3', '2561', '256130015013023001', '0015013', '0230', '01', '', '2019-06-20 06:19:03'),
(755, '5910517050', '3', '2561', '256130015013023001', '0015013', '0230', '01', '', '2019-06-20 06:19:03'),
(756, '5910517084', '3', '2561', '256130015013023001', '0015013', '0230', '01', '', '2019-06-20 06:19:03'),
(757, '5910517005', '3', '2561', '256130015013023001', '0015013', '0230', '01', '', '2019-06-20 06:19:03'),
(758, '5910517031', '3', '2561', '256130015013023001', '0015013', '0230', '01', '', '2019-06-20 06:19:03'),
(759, '5910517103', '3', '2561', '256130015013023001', '0015013', '0230', '01', '', '2019-06-20 06:19:03'),
(760, '5910517078', '3', '2561', '256130015013023001', '0015013', '0230', '01', '', '2019-06-20 06:19:03'),
(761, '5910517019', '3', '2561', '256130015013023001', '0015013', '0230', '01', '', '2019-06-20 06:19:03'),
(762, '5810517098', '3', '2561', '256130015013023001', '0015013', '0230', '01', '', '2019-06-20 06:19:03'),
(763, '5910517089', '3', '2561', '256130015013023001', '0015013', '0230', '01', '', '2019-06-20 06:19:03'),
(764, '5910517156', '3', '2561', '256130015013023001', '0015013', '0230', '01', '', '2019-06-20 06:19:03'),
(765, '5910517093', '3', '2561', '256130015013023001', '0015013', '0230', '01', '', '2019-06-20 06:19:03'),
(766, '5910517113', '3', '2561', '256130015013023001', '0015013', '0230', '01', '', '2019-06-20 06:19:03'),
(767, '5910517074', '3', '2561', '256130015013023001', '0015013', '0230', '01', '', '2019-06-20 06:19:03'),
(768, '5910517094', '3', '2561', '256130015013023001', '0015013', '0230', '01', '', '2019-06-20 06:19:03'),
(769, '5910517138', '3', '2561', '256130015013023001', '0015013', '0230', '01', '', '2019-06-20 06:19:03'),
(770, '5910517071', '3', '2561', '256130015013023001', '0015013', '0230', '01', '', '2019-06-20 06:19:03'),
(771, '5910517151', '3', '2561', '256130015013023001', '0015013', '0230', '01', '', '2019-06-20 06:19:03'),
(772, '5910517029', '3', '2561', '256130015013023001', '0015013', '0230', '01', '', '2019-06-20 06:19:03'),
(773, '5910517083', '3', '2561', '256130015013023001', '0015013', '0230', '01', '', '2019-06-20 06:19:03'),
(774, '5910517032', '3', '2561', '256130015013023001', '0015013', '0230', '01', '', '2019-06-20 06:19:03'),
(775, '5910517160', '3', '2561', '256130015013023001', '0015013', '0230', '01', '', '2019-06-20 06:19:03'),
(776, '5910517135', '3', '2561', '256130015013023001', '0015013', '0230', '01', '', '2019-06-20 06:19:03'),
(777, '5910517036', '3', '2561', '256130015013023001', '0015013', '0230', '01', '', '2019-06-20 06:19:03'),
(778, '5910517016', '3', '2561', '256130015013023001', '0015013', '0230', '01', '', '2019-06-20 06:19:03'),
(779, '5910517007', '3', '2561', '256130015013023001', '0015013', '0230', '01', '', '2019-06-20 06:19:03'),
(780, '5910517049', '3', '2561', '256130015013023001', '0015013', '0230', '01', '', '2019-06-20 06:19:03'),
(781, '5910517147', '3', '2561', '256130015013023001', '0015013', '0230', '01', '', '2019-06-20 06:19:03'),
(782, '5910517045', '3', '2561', '256130015013023001', '0015013', '0230', '01', '', '2019-06-20 06:19:03'),
(783, '5910517133', '3', '2561', '256130015013023001', '0015013', '0230', '01', '', '2019-06-20 06:19:03'),
(784, '5910517155', '3', '2561', '256130015013023001', '0015013', '0230', '01', '', '2019-06-20 06:19:03'),
(785, '5910517034', '3', '2561', '256130015013023001', '0015013', '0230', '01', '', '2019-06-20 06:19:03'),
(786, '5910517066', '3', '2561', '256130015013023001', '0015013', '0230', '01', '', '2019-06-20 06:19:03'),
(787, '5910517091', '3', '2561', '256130015013023001', '0015013', '0230', '01', '', '2019-06-20 06:19:03'),
(788, '5910517157', '3', '2561', '256130015013023001', '0015013', '0230', '01', '', '2019-06-20 06:19:03'),
(789, '5910517119', '3', '2561', '256130015013023001', '0015013', '0230', '01', '', '2019-06-20 06:19:03'),
(790, '5910517022', '3', '2561', '256130015013023001', '0015013', '0230', '01', '', '2019-06-20 06:19:03'),
(791, '5910517027', '3', '2561', '256130015013023001', '0015013', '0230', '01', '', '2019-06-20 06:19:03'),
(792, '5910517114', '3', '2561', '256130015013023001', '0015013', '0230', '01', '', '2019-06-20 06:19:03'),
(793, '5910517142', '3', '2561', '256130015013023001', '0015013', '0230', '01', '', '2019-06-20 06:19:03'),
(794, '5910517104', '3', '2561', '256130015013023001', '0015013', '0230', '01', '', '2019-06-20 06:19:03'),
(795, '5910517070', '3', '2561', '256130015013023001', '0015013', '0230', '01', '', '2019-06-20 06:19:03'),
(796, '5910517154', '3', '2561', '256130015013023001', '0015013', '0230', '01', '', '2019-06-20 06:19:03'),
(797, '5910517018', '3', '2561', '256130015013023001', '0015013', '0230', '01', '', '2019-06-20 06:19:03'),
(798, '5910517077', '3', '2561', '256130015013023001', '0015013', '0230', '01', '', '2019-06-20 06:19:03'),
(799, '5910517126', '3', '2561', '256130015013023001', '0015013', '0230', '01', '', '2019-06-20 06:19:03'),
(800, '5910517025', '3', '2561', '256130015013023001', '0015013', '0230', '01', '', '2019-06-20 06:19:03'),
(801, '5910517163', '3', '2561', '256130015013023001', '0015013', '0230', '01', '', '2019-06-20 06:19:03'),
(802, '5910517060', '3', '2561', '256130015013023001', '0015013', '0230', '01', '', '2019-06-20 06:19:03'),
(803, '5910517167', '3', '2561', '256130015013023001', '0015013', '0230', '01', '', '2019-06-20 06:19:03'),
(804, '5910517162', '3', '2561', '256130015013023001', '0015013', '0230', '01', '', '2019-06-20 06:19:03'),
(805, '5910517122', '3', '2561', '256130015013023001', '0015013', '0230', '01', '', '2019-06-20 06:19:03'),
(806, '5910517109', '3', '2561', '256130015013023001', '0015013', '0230', '01', '', '2019-06-20 06:19:03'),
(807, '5910517095', '3', '2561', '256130015013023001', '0015013', '0230', '01', '', '2019-06-20 06:19:03'),
(808, '5910517116', '3', '2561', '256130015013023001', '0015013', '0230', '01', '', '2019-06-20 06:19:03'),
(809, '5910517085', '3', '2561', '256130015013023001', '0015013', '0230', '01', '', '2019-06-20 06:19:03'),
(810, '5910517028', '3', '2561', '256130015013023001', '0015013', '0230', '01', '', '2019-06-20 06:19:03'),
(811, '5910517098', '3', '2561', '256130015013023001', '0015013', '0230', '01', '', '2019-06-20 06:19:03'),
(812, '5910517056', '3', '2561', '256130015013023001', '0015013', '0230', '01', '', '2019-06-20 06:19:03'),
(813, '5910517048', '3', '2561', '256130015013023001', '0015013', '0230', '01', '', '2019-06-20 06:19:03'),
(814, '5910517024', '3', '2561', '256130015013023001', '0015013', '0230', '01', '', '2019-06-20 06:19:03'),
(815, '5910517043', '3', '2561', '256130015013023001', '0015013', '0230', '01', '', '2019-06-20 06:19:03'),
(816, '5910517086', '3', '2561', '256130015013023001', '0015013', '0230', '01', '', '2019-06-20 06:19:03'),
(817, '5910517149', '3', '2561', '256130015013023001', '0015013', '0230', '01', '', '2019-06-20 06:19:03'),
(818, '5910517131', '3', '2561', '256130015013023001', '0015013', '0230', '01', '', '2019-06-20 06:19:03'),
(819, '5910517088', '3', '2561', '256130015013023001', '0015013', '0230', '01', '', '2019-06-20 06:19:03'),
(820, '5910517058', '3', '2561', '256130015013023001', '0015013', '0230', '01', '', '2019-06-20 06:19:03'),
(821, '5910517127', '3', '2561', '256130015013023001', '0015013', '0230', '01', '', '2019-06-20 06:19:03'),
(822, '5910517087', '3', '2561', '256130015013023001', '0015013', '0230', '01', '', '2019-06-20 06:19:03'),
(823, '5910517044', '3', '2561', '256130015013023001', '0015013', '0230', '01', '', '2019-06-20 06:19:03'),
(824, '5910517002', '3', '2561', '256130015013023001', '0015013', '0230', '01', '', '2019-06-20 06:19:03'),
(825, '5910517051', '3', '2561', '256130015013023001', '0015013', '0230', '01', '', '2019-06-20 06:19:03'),
(826, '5910517110', '3', '2561', '256130015013023001', '0015013', '0230', '01', '', '2019-06-20 06:19:03'),
(827, '5910517145', '3', '2561', '256130015013023001', '0015013', '0230', '01', '', '2019-06-20 06:19:03'),
(828, '5910517054', '3', '2561', '256130015013023001', '0015013', '0230', '01', '', '2019-06-20 06:19:03'),
(829, '5910517136', '3', '2561', '256130015013023001', '0015013', '0230', '01', '', '2019-06-20 06:19:03'),
(830, '5910517112', '3', '2561', '256130015013023001', '0015013', '0230', '01', '', '2019-06-20 06:19:03'),
(831, '5910517140', '3', '2561', '256130015013023001', '0015013', '0230', '01', '', '2019-06-20 06:19:03'),
(832, '5910517168', '3', '2561', '256130015013023001', '0015013', '0230', '01', '', '2019-06-20 06:19:03'),
(833, '5910517020', '3', '2561', '256130015013023001', '0015013', '0230', '01', '', '2019-06-20 06:19:03'),
(834, '5910517067', '3', '2561', '256130015013023001', '0015013', '0230', '01', '', '2019-06-20 06:19:03'),
(835, '5910517041', '3', '2561', '256130015013023001', '0015013', '0230', '01', '', '2019-06-20 06:19:03'),
(836, '5910517017', '3', '2561', '256130015013023001', '0015013', '0230', '01', '', '2019-06-20 06:19:03'),
(837, '5910517030', '3', '2561', '256130015013023001', '0015013', '0230', '01', '', '2019-06-20 06:19:03'),
(838, '5910517101', '3', '2561', '256130015013023001', '0015013', '0230', '01', '', '2019-06-20 06:19:03'),
(839, '5910517014', '3', '2561', '256130015013023001', '0015013', '0230', '01', '', '2019-06-20 06:19:03'),
(840, '5910517023', '3', '2561', '256130015013023001', '0015013', '0230', '01', '', '2019-06-20 06:19:03'),
(841, '5910517010', '3', '2561', '256130015013023001', '0015013', '0230', '01', '', '2019-06-20 06:19:03'),
(842, '5910517021', '3', '2561', '256130015013023001', '0015013', '0230', '01', '', '2019-06-20 06:19:03'),
(843, '5910517037', '3', '2561', '256130015013023001', '0015013', '0230', '01', '', '2019-06-20 06:19:03'),
(844, '5910517040', '3', '2561', '256130015013023001', '0015013', '0230', '01', '', '2019-06-20 06:19:03'),
(845, '5910517107', '3', '2561', '256130015013023001', '0015013', '0230', '01', '', '2019-06-20 06:19:03'),
(846, '5910517100', '3', '2561', '256130015013023001', '0015013', '0230', '01', '', '2019-06-20 06:19:03'),
(847, '5910517072', '3', '2561', '256130015013023001', '0015013', '0230', '01', '', '2019-06-20 06:19:03'),
(848, '5910517120', '3', '2561', '256130015013023001', '0015013', '0230', '01', '', '2019-06-20 06:19:03'),
(849, '5910517152', '3', '2561', '256130015013023001', '0015013', '0230', '01', '', '2019-06-20 06:19:03'),
(850, '5910517052', '3', '2561', '256130015013023001', '0015013', '0230', '01', '', '2019-06-20 06:19:03'),
(851, '5910517158', '3', '2561', '256130015013023001', '0015013', '0230', '01', '', '2019-06-20 06:19:03'),
(852, '5910517144', '3', '2561', '256130015013023001', '0015013', '0230', '01', '', '2019-06-20 06:19:03'),
(853, '5910517073', '3', '2561', '256130015013023001', '0015013', '0230', '01', '', '2019-06-20 06:19:03'),
(854, '5910517143', '3', '2561', '256130015013023001', '0015013', '0230', '01', '', '2019-06-20 06:19:03'),
(855, '5910517009', '3', '2561', '256130015013023001', '0015013', '0230', '01', '', '2019-06-20 06:19:03'),
(856, '5910517047', '3', '2561', '256130015013023001', '0015013', '0230', '01', '', '2019-06-20 06:19:03'),
(857, '5910517111', '3', '2561', '256130015013023001', '0015013', '0230', '01', '', '2019-06-20 06:19:03'),
(858, '5910517117', '3', '2561', '256130015013023001', '0015013', '0230', '01', '', '2019-06-20 06:19:03'),
(859, '5910517076', '3', '2561', '256130015013023001', '0015013', '0230', '01', '', '2019-06-20 06:19:03'),
(860, '5910517033', '3', '2561', '256130015013023001', '0015013', '0230', '01', '', '2019-06-20 06:19:03'),
(861, '5910517159', '3', '2561', '256130015013023001', '0015013', '0230', '01', '', '2019-06-20 06:19:03'),
(862, '5910517038', '3', '2561', '256130015013023001', '0015013', '0230', '01', '', '2019-06-20 06:19:03'),
(863, '5910517099', '3', '2561', '256130015013023001', '0015013', '0230', '01', '', '2019-06-20 06:19:03'),
(864, '5910517061', '3', '2561', '256130015013023001', '0015013', '0230', '01', '', '2019-06-20 06:19:03'),
(865, '5910517004', '3', '2561', '256130015013023001', '0015013', '0230', '01', '', '2019-06-20 06:19:03'),
(866, '5910517096', '3', '2561', '256130015013023001', '0015013', '0230', '01', '', '2019-06-20 06:19:03'),
(867, '5910517057', '3', '2561', '256130015013023001', '0015013', '0230', '01', '', '2019-06-20 06:19:03'),
(868, '5910517080', '3', '2561', '256130015013023001', '0015013', '0230', '01', '', '2019-06-20 06:19:03'),
(869, '5910517092', '3', '2561', '256130015013023001', '0015013', '0230', '01', '', '2019-06-20 06:19:03'),
(870, '5910517102', '3', '2561', '256130015013023001', '0015013', '0230', '01', '', '2019-06-20 06:19:03'),
(871, '5910517046', '3', '2561', '256130015013023001', '0015013', '0230', '01', '', '2019-06-20 06:19:03'),
(872, '5910517013', '3', '2561', '256130015013023001', '0015013', '0230', '01', '', '2019-06-20 06:19:03'),
(873, '5910517015', '3', '2561', '256130015013023001', '0015013', '0230', '01', '', '2019-06-20 06:19:03'),
(874, '5910517137', '3', '2561', '256130015013023001', '0015013', '0230', '01', '', '2019-06-20 06:19:03'),
(875, '5910517139', '3', '2561', '256130015013023001', '0015013', '0230', '01', '', '2019-06-20 06:19:03'),
(876, '5910517059', '3', '2561', '256130015013023001', '0015013', '0230', '01', '', '2019-06-20 06:19:03'),
(877, '5910517081', '3', '2561', '256130015013023001', '0015013', '0230', '01', '', '2019-06-20 06:19:03'),
(878, '5910517064', '3', '2561', '256130015013023001', '0015013', '0230', '01', '', '2019-06-20 06:19:03'),
(879, '5910517105', '3', '2561', '256130015013023001', '0015013', '0230', '01', '', '2019-06-20 06:19:03'),
(880, '5910517042', '3', '2561', '256130015013023001', '0015013', '0230', '01', '', '2019-06-20 06:19:03'),
(881, '5910517130', '3', '2561', '256130015013023001', '0015013', '0230', '01', '', '2019-06-20 06:19:03'),
(882, '5910517062', '3', '2561', '256130015013023001', '0015013', '0230', '01', '', '2019-06-20 06:19:03'),
(883, '5910517150', '3', '2561', '256130015013023001', '0015013', '0230', '01', '', '2019-06-20 06:19:03'),
(884, '5910517129', '3', '2561', '256130015013023001', '0015013', '0230', '01', '', '2019-06-20 06:19:03'),
(885, '5910517035', '3', '2561', '256130015013023001', '0015013', '0230', '01', '', '2019-06-20 06:19:03'),
(886, '5910517097', '3', '2561', '256130015013023001', '0015013', '0230', '01', '', '2019-06-20 06:19:03'),
(887, '5910517123', '3', '2561', '256130015013023001', '0015013', '0230', '01', '', '2019-06-20 06:19:03'),
(888, '5910517121', '3', '2561', '256130015013023001', '0015013', '0230', '01', '', '2019-06-20 06:19:03'),
(889, '5910517065', '3', '2561', '256130015013023001', '0015013', '0230', '01', '', '2019-06-20 06:19:03'),
(890, '5910517039', '3', '2561', '256130015013023001', '0015013', '0230', '01', '', '2019-06-20 06:19:03'),
(891, '5910517128', '3', '2561', '256130015013023001', '0015013', '0230', '01', '', '2019-06-20 06:19:03'),
(892, '5910517075', '3', '2561', '256130015013023001', '0015013', '0230', '01', '', '2019-06-20 06:19:03'),
(893, '5910517053', '3', '2561', '256130015013023001', '0015013', '0230', '01', '', '2019-06-20 06:19:03'),
(894, '5910517069', '3', '2561', '256130015013023001', '0015013', '0230', '01', '', '2019-06-20 06:19:03'),
(895, '5910517125', '3', '2561', '256130015013023001', '0015013', '0230', '01', '', '2019-06-20 06:19:03'),
(896, '5910517082', '3', '2561', '256130015013023001', '0015013', '0230', '01', '', '2019-06-20 06:19:03'),
(897, '5910517148', '3', '2561', '256130015013023001', '0015013', '0230', '01', '', '2019-06-20 06:19:03'),
(898, '5910517068', '3', '2561', '256130015013023001', '0015013', '0230', '01', '', '2019-06-20 06:19:03'),
(899, '5910517164', '3', '2561', '256130015013023001', '0015013', '0230', '01', '', '2019-06-20 06:19:03'),
(900, '5910517141', '3', '2561', '256130015013023001', '0015013', '0230', '01', '', '2019-06-20 06:19:03'),
(901, '5910517003', '3', '2561', '256130015013023001', '0015013', '0230', '01', '', '2019-06-20 06:19:03'),
(902, '5910517115', '3', '2561', '256130015013023001', '0015013', '0230', '01', '', '2019-06-20 06:19:03'),
(903, '5910517106', '3', '2561', '256130015013023001', '0015013', '0230', '01', '', '2019-06-20 06:19:03'),
(904, '5910517050', '3', '2561', '256130015013023001', '0015013', '0230', '01', '', '2019-06-20 06:19:03'),
(905, '5910517084', '3', '2561', '256130015013023001', '0015013', '0230', '01', '', '2019-06-20 06:19:03'),
(906, '5910517005', '3', '2561', '256130015013023001', '0015013', '0230', '01', '', '2019-06-20 06:19:03'),
(907, '5910517031', '3', '2561', '256130015013023001', '0015013', '0230', '01', '', '2019-06-20 06:19:03'),
(908, '5910517103', '3', '2561', '256130015013023001', '0015013', '0230', '01', '', '2019-06-20 06:19:03'),
(909, '5910517078', '3', '2561', '256130015013023001', '0015013', '0230', '01', '', '2019-06-20 06:19:03'),
(910, '5910517019', '3', '2561', '256130015013023001', '0015013', '0230', '01', '', '2019-06-20 06:19:03'),
(911, '5810517098', '3', '2561', '256130015013023001', '0015013', '0230', '01', '', '2019-06-20 06:19:03'),
(912, '5910517089', '3', '2561', '256130015013023001', '0015013', '0230', '01', '', '2019-06-20 06:19:03'),
(913, '5910517156', '3', '2561', '256130015013023001', '0015013', '0230', '01', '', '2019-06-20 06:19:03'),
(914, '5910517093', '3', '2561', '256130015013023001', '0015013', '0230', '01', '', '2019-06-20 06:19:03'),
(915, '5910517113', '3', '2561', '256130015013023001', '0015013', '0230', '01', '', '2019-06-20 06:19:03'),
(916, '5910517074', '3', '2561', '256130015013023001', '0015013', '0230', '01', '', '2019-06-20 06:19:03'),
(917, '5910517094', '3', '2561', '256130015013023001', '0015013', '0230', '01', '', '2019-06-20 06:19:03'),
(918, '5910517138', '3', '2561', '256130015013023001', '0015013', '0230', '01', '', '2019-06-20 06:19:03'),
(919, '5910517071', '3', '2561', '256130015013023001', '0015013', '0230', '01', '', '2019-06-20 06:19:03'),
(920, '5910517151', '3', '2561', '256130015013023001', '0015013', '0230', '01', '', '2019-06-20 06:19:03'),
(921, '5910517029', '3', '2561', '256130015013023001', '0015013', '0230', '01', '', '2019-06-20 06:19:03'),
(922, '5910517083', '3', '2561', '256130015013023001', '0015013', '0230', '01', '', '2019-06-20 06:19:03'),
(923, '5910517032', '3', '2561', '256130015013023001', '0015013', '0230', '01', '', '2019-06-20 06:19:03'),
(924, '5910517160', '3', '2561', '256130015013023001', '0015013', '0230', '01', '', '2019-06-20 06:19:03'),
(925, '5910517135', '3', '2561', '256130015013023001', '0015013', '0230', '01', '', '2019-06-20 06:19:03'),
(926, '5910517036', '3', '2561', '256130015013023001', '0015013', '0230', '01', '', '2019-06-20 06:19:03'),
(927, '5910517016', '3', '2561', '256130015013023001', '0015013', '0230', '01', '', '2019-06-20 06:19:03'),
(928, '5910517007', '3', '2561', '256130015013023001', '0015013', '0230', '01', '', '2019-06-20 06:19:03'),
(929, '5910517049', '3', '2561', '256130015013023001', '0015013', '0230', '01', '', '2019-06-20 06:19:03'),
(930, '5910517147', '3', '2561', '256130015013023001', '0015013', '0230', '01', '', '2019-06-20 06:19:03'),
(931, '5910517045', '3', '2561', '256130015013023001', '0015013', '0230', '01', '', '2019-06-20 06:19:03'),
(932, '5910517133', '3', '2561', '256130015013023001', '0015013', '0230', '01', '', '2019-06-20 06:19:03'),
(933, '5910517155', '3', '2561', '256130015013023001', '0015013', '0230', '01', '', '2019-06-20 06:19:03'),
(934, '5910517034', '3', '2561', '256130015013023001', '0015013', '0230', '01', '', '2019-06-20 06:19:03'),
(935, '5910517066', '3', '2561', '256130015013023001', '0015013', '0230', '01', '', '2019-06-20 06:19:03'),
(936, '5910517091', '3', '2561', '256130015013023001', '0015013', '0230', '01', '', '2019-06-20 06:19:03'),
(937, '5910517157', '3', '2561', '256130015013023001', '0015013', '0230', '01', '', '2019-06-20 06:19:03'),
(938, '5910517119', '3', '2561', '256130015013023001', '0015013', '0230', '01', '', '2019-06-20 06:19:03'),
(939, '5910517022', '3', '2561', '256130015013023001', '0015013', '0230', '01', '', '2019-06-20 06:19:03'),
(940, '5910517027', '3', '2561', '256130015013023001', '0015013', '0230', '01', '', '2019-06-20 06:19:03'),
(941, '5910517114', '3', '2561', '256130015013023001', '0015013', '0230', '01', '', '2019-06-20 06:19:03');
INSERT INTO `student_regist` (`regist_id`, `student_id`, `edu_term`, `edu_year`, `section_offer_id`, `subjectid`, `deptid`, `secid`, `lecturer_id`, `add_date`) VALUES
(942, '5910517142', '3', '2561', '256130015013023001', '0015013', '0230', '01', '', '2019-06-20 06:19:03'),
(943, '5910517104', '3', '2561', '256130015013023001', '0015013', '0230', '01', '', '2019-06-20 06:19:03'),
(944, '5910517070', '3', '2561', '256130015013023001', '0015013', '0230', '01', '', '2019-06-20 06:19:03'),
(945, '5910517154', '3', '2561', '256130015013023001', '0015013', '0230', '01', '', '2019-06-20 06:19:03'),
(946, '5910517018', '3', '2561', '256130015013023001', '0015013', '0230', '01', '', '2019-06-20 06:19:03'),
(947, '5910517077', '3', '2561', '256130015013023001', '0015013', '0230', '01', '', '2019-06-20 06:19:03'),
(948, '5910517126', '3', '2561', '256130015013023001', '0015013', '0230', '01', '', '2019-06-20 06:19:03'),
(949, '5910517025', '3', '2561', '256130015013023001', '0015013', '0230', '01', '', '2019-06-20 06:19:03'),
(950, '5910517163', '3', '2561', '256130015013023001', '0015013', '0230', '01', '', '2019-06-20 06:19:03'),
(951, '5910517060', '3', '2561', '256130015013023001', '0015013', '0230', '01', '', '2019-06-20 06:19:03'),
(952, '5910517167', '3', '2561', '256130015013023001', '0015013', '0230', '01', '', '2019-06-20 06:19:03'),
(953, '5910517162', '3', '2561', '256130015013023001', '0015013', '0230', '01', '', '2019-06-20 06:19:03'),
(954, '5910517122', '3', '2561', '256130015013023001', '0015013', '0230', '01', '', '2019-06-20 06:19:03'),
(955, '5910517109', '3', '2561', '256130015013023001', '0015013', '0230', '01', '', '2019-06-20 06:19:03'),
(956, '5910517095', '3', '2561', '256130015013023001', '0015013', '0230', '01', '', '2019-06-20 06:19:03'),
(957, '5910517116', '3', '2561', '256130015013023001', '0015013', '0230', '01', '', '2019-06-20 06:19:03'),
(958, '5910517085', '3', '2561', '256130015013023001', '0015013', '0230', '01', '', '2019-06-20 06:19:03'),
(959, '5910517028', '3', '2561', '256130015013023001', '0015013', '0230', '01', '', '2019-06-20 06:19:03'),
(960, '5910517098', '3', '2561', '256130015013023001', '0015013', '0230', '01', '', '2019-06-20 06:19:03'),
(961, '5910517056', '3', '2561', '256130015013023001', '0015013', '0230', '01', '', '2019-06-20 06:19:03'),
(962, '5910517048', '3', '2561', '256130015013023001', '0015013', '0230', '01', '', '2019-06-20 06:19:03'),
(963, '5910517024', '3', '2561', '256130015013023001', '0015013', '0230', '01', '', '2019-06-20 06:19:03'),
(964, '5910517043', '3', '2561', '256130015013023001', '0015013', '0230', '01', '', '2019-06-20 06:19:03'),
(965, '5910517086', '3', '2561', '256130015013023001', '0015013', '0230', '01', '', '2019-06-20 06:19:03'),
(966, '5910517149', '3', '2561', '256130015013023001', '0015013', '0230', '01', '', '2019-06-20 06:19:03'),
(967, '5910517131', '3', '2561', '256130015013023001', '0015013', '0230', '01', '', '2019-06-20 06:19:03'),
(968, '5910515092', '3', '2561', '256130015667006001', '0015667', '0060', '01', '', '2019-06-20 06:19:03'),
(969, '5910515048', '3', '2561', '256130015667006001', '0015667', '0060', '01', '', '2019-06-20 06:19:03'),
(970, '5910515004', '3', '2561', '256130015667006001', '0015667', '0060', '01', '', '2019-06-20 06:19:03'),
(971, '5910515039', '3', '2561', '256130015667006001', '0015667', '0060', '01', '', '2019-06-20 06:19:03'),
(972, '5910515124', '3', '2561', '256130015667006001', '0015667', '0060', '01', '', '2019-06-20 06:19:03'),
(973, '5910515076', '3', '2561', '256130015667006001', '0015667', '0060', '01', '', '2019-06-20 06:19:03'),
(974, '5910515088', '3', '2561', '256130015667006001', '0015667', '0060', '01', '', '2019-06-20 06:19:03'),
(975, '5910515082', '3', '2561', '256130015667006001', '0015667', '0060', '01', '', '2019-06-20 06:19:03'),
(976, '5910515008', '3', '2561', '256130015667006001', '0015667', '0060', '01', '', '2019-06-20 06:19:03'),
(977, '5910515031', '3', '2561', '256130015667006001', '0015667', '0060', '01', '', '2019-06-20 06:19:03'),
(978, '5910515073', '3', '2561', '256130015667006001', '0015667', '0060', '01', '', '2019-06-20 06:19:03'),
(979, '5910515087', '3', '2561', '256130015667006001', '0015667', '0060', '01', '', '2019-06-20 06:19:03'),
(980, '5910515094', '3', '2561', '256130015667006001', '0015667', '0060', '01', '', '2019-06-20 06:19:03'),
(981, '5910515016', '3', '2561', '256130015667006001', '0015667', '0060', '01', '', '2019-06-20 06:19:03'),
(982, '5910515047', '3', '2561', '256130015667006001', '0015667', '0060', '01', '', '2019-06-20 06:19:03'),
(983, '5910515096', '3', '2561', '256130015667006001', '0015667', '0060', '01', '', '2019-06-20 06:19:03'),
(984, '5910515104', '3', '2561', '256130015667006001', '0015667', '0060', '01', '', '2019-06-20 06:19:03'),
(985, '5910515021', '3', '2561', '256130015667006001', '0015667', '0060', '01', '', '2019-06-20 06:19:03'),
(986, '5910515105', '3', '2561', '256130015667006001', '0015667', '0060', '01', '', '2019-06-20 06:19:03'),
(987, '5910515061', '3', '2561', '256130015667006001', '0015667', '0060', '01', '', '2019-06-20 06:19:03'),
(988, '5910515059', '3', '2561', '256130015667006001', '0015667', '0060', '01', '', '2019-06-20 06:19:03'),
(989, '5910515042', '3', '2561', '256130015667006001', '0015667', '0060', '01', '', '2019-06-20 06:19:03'),
(990, '5910515125', '3', '2561', '256130015667006001', '0015667', '0060', '01', '', '2019-06-20 06:19:03'),
(991, '5910515113', '3', '2561', '256130015667006001', '0015667', '0060', '01', '', '2019-06-20 06:19:03'),
(992, '5910515043', '3', '2561', '256130015667006001', '0015667', '0060', '01', '', '2019-06-20 06:19:03'),
(993, '5910515014', '3', '2561', '256130015667006001', '0015667', '0060', '01', '', '2019-06-20 06:19:03'),
(994, '5910515060', '3', '2561', '256130015667006001', '0015667', '0060', '01', '', '2019-06-20 06:19:03'),
(995, '5910515119', '3', '2561', '256130015667006001', '0015667', '0060', '01', '', '2019-06-20 06:19:03'),
(996, '5910515029', '3', '2561', '256130015667006001', '0015667', '0060', '01', '', '2019-06-20 06:19:03'),
(997, '5910515023', '3', '2561', '256130015667006001', '0015667', '0060', '01', '', '2019-06-20 06:19:03'),
(998, '5910515058', '3', '2561', '256130015667006001', '0015667', '0060', '01', '', '2019-06-20 06:19:03'),
(999, '5910515032', '3', '2561', '256130015667006001', '0015667', '0060', '01', '', '2019-06-20 06:19:03'),
(1000, '5910515033', '3', '2561', '256130015667006001', '0015667', '0060', '01', '', '2019-06-20 06:19:03'),
(1001, '5910515001', '3', '2561', '256130015667006001', '0015667', '0060', '01', '', '2019-06-20 06:19:03'),
(1002, '5910515053', '3', '2561', '256130015667006001', '0015667', '0060', '01', '', '2019-06-20 06:19:03'),
(1003, '5910515063', '3', '2561', '256130015667006001', '0015667', '0060', '01', '', '2019-06-20 06:19:03'),
(1004, '5910515101', '3', '2561', '256130015667006001', '0015667', '0060', '01', '', '2019-06-20 06:19:03'),
(1005, '5910515038', '3', '2561', '256130015667006001', '0015667', '0060', '01', '', '2019-06-20 06:19:03'),
(1006, '5910515120', '3', '2561', '256130015667006001', '0015667', '0060', '01', '', '2019-06-20 06:19:03'),
(1007, '5910515112', '3', '2561', '256130015667006001', '0015667', '0060', '01', '', '2019-06-20 06:19:03'),
(1008, '5910515118', '3', '2561', '256130015667006001', '0015667', '0060', '01', '', '2019-06-20 06:19:03'),
(1009, '5910515079', '3', '2561', '256130015667006001', '0015667', '0060', '01', '', '2019-06-20 06:19:03'),
(1010, '5910515111', '3', '2561', '256130015667006001', '0015667', '0060', '01', '', '2019-06-20 06:19:03'),
(1011, '5910515002', '3', '2561', '256130015667006001', '0015667', '0060', '01', '', '2019-06-20 06:19:03'),
(1012, '5910515054', '3', '2561', '256130015667006001', '0015667', '0060', '01', '', '2019-06-20 06:19:03'),
(1013, '5910515017', '3', '2561', '256130015667006001', '0015667', '0060', '01', '', '2019-06-20 06:19:03'),
(1014, '5910515089', '3', '2561', '256130015667006001', '0015667', '0060', '01', '', '2019-06-20 06:19:03'),
(1015, '5910515046', '3', '2561', '256130015667006001', '0015667', '0060', '01', '', '2019-06-20 06:19:03'),
(1016, '5910515062', '3', '2561', '256130015667006001', '0015667', '0060', '01', '', '2019-06-20 06:19:03'),
(1017, '5910515074', '3', '2561', '256130015667006001', '0015667', '0060', '01', '', '2019-06-20 06:19:03'),
(1018, '5910515028', '3', '2561', '256130015667006001', '0015667', '0060', '01', '', '2019-06-20 06:19:03'),
(1019, '5910515067', '3', '2561', '256130015667006001', '0015667', '0060', '01', '', '2019-06-20 06:19:03'),
(1020, '5910515018', '3', '2561', '256130015667006001', '0015667', '0060', '01', '', '2019-06-20 06:19:03'),
(1021, '5910515093', '3', '2561', '256130015667006001', '0015667', '0060', '01', '', '2019-06-20 06:19:03'),
(1022, '5910515009', '3', '2561', '256130015667006001', '0015667', '0060', '01', '', '2019-06-20 06:19:03'),
(1023, '5910515071', '3', '2561', '256130015667006001', '0015667', '0060', '01', '', '2019-06-20 06:19:03'),
(1024, '5910515110', '3', '2561', '256130015667006001', '0015667', '0060', '01', '', '2019-06-20 06:19:03'),
(1025, '5910515024', '3', '2561', '256130015667006001', '0015667', '0060', '01', '', '2019-06-20 06:19:03'),
(1026, '5910515117', '3', '2561', '256130015667006001', '0015667', '0060', '01', '', '2019-06-20 06:19:03'),
(1027, '5910515035', '3', '2561', '256130015667006001', '0015667', '0060', '01', '', '2019-06-20 06:19:03'),
(1028, '5910515099', '3', '2561', '256130015667006001', '0015667', '0060', '01', '', '2019-06-20 06:19:03'),
(1029, '5910515044', '3', '2561', '256130015667006001', '0015667', '0060', '01', '', '2019-06-20 06:19:03'),
(1030, '5910515030', '3', '2561', '256130015667006001', '0015667', '0060', '01', '', '2019-06-20 06:19:03'),
(1031, '5910515013', '3', '2561', '256130015667006001', '0015667', '0060', '01', '', '2019-06-20 06:19:03'),
(1032, '5910515020', '3', '2561', '256130015667006001', '0015667', '0060', '01', '', '2019-06-20 06:19:03'),
(1033, '5910515034', '3', '2561', '256130015667006001', '0015667', '0060', '01', '', '2019-06-20 06:19:03'),
(1034, '5910515022', '3', '2561', '256130015667006001', '0015667', '0060', '01', '', '2019-06-20 06:19:03'),
(1035, '5910515083', '3', '2561', '256130015667006001', '0015667', '0060', '01', '', '2019-06-20 06:19:03'),
(1036, '5910515049', '3', '2561', '256130015667006001', '0015667', '0060', '01', '', '2019-06-20 06:19:03'),
(1037, '5910515052', '3', '2561', '256130015667006001', '0015667', '0060', '01', '', '2019-06-20 06:19:03'),
(1038, '5910515015', '3', '2561', '256130015667006001', '0015667', '0060', '01', '', '2019-06-20 06:19:03'),
(1039, '5910515057', '3', '2561', '256130015667006001', '0015667', '0060', '01', '', '2019-06-20 06:19:03'),
(1040, '5910515085', '3', '2561', '256130015667006001', '0015667', '0060', '01', '', '2019-06-20 06:19:03'),
(1041, '5910515027', '3', '2561', '256130015667006001', '0015667', '0060', '01', '', '2019-06-20 06:19:03'),
(1042, '5910515005', '3', '2561', '256130015667006001', '0015667', '0060', '01', '', '2019-06-20 06:19:03'),
(1043, '5910515081', '3', '2561', '256130015667006001', '0015667', '0060', '01', '', '2019-06-20 06:19:03'),
(1044, '5910515025', '3', '2561', '256130015667006001', '0015667', '0060', '01', '', '2019-06-20 06:19:03'),
(1045, '5910515019', '3', '2561', '256130015667006001', '0015667', '0060', '01', '', '2019-06-20 06:19:03'),
(1046, '5910515102', '3', '2561', '256130015667006001', '0015667', '0060', '01', '', '2019-06-20 06:19:03'),
(1047, '5910515050', '3', '2561', '256130015667006001', '0015667', '0060', '01', '', '2019-06-20 06:19:03'),
(1048, '5910515036', '3', '2561', '256130015667006001', '0015667', '0060', '01', '', '2019-06-20 06:19:03'),
(1049, '5910515037', '3', '2561', '256130015667006001', '0015667', '0060', '01', '', '2019-06-20 06:19:03'),
(1050, '5910515010', '3', '2561', '256130015667006001', '0015667', '0060', '01', '', '2019-06-20 06:19:03'),
(1051, '5910515040', '3', '2561', '256130015667006001', '0015667', '0060', '01', '', '2019-06-20 06:19:03'),
(1052, '5910515115', '3', '2561', '256130015667006001', '0015667', '0060', '01', '', '2019-06-20 06:19:03'),
(1053, '5910515069', '3', '2561', '256130015667006001', '0015667', '0060', '01', '', '2019-06-20 06:19:03'),
(1054, '5910515068', '3', '2561', '256130015667006001', '0015667', '0060', '01', '', '2019-06-20 06:19:03'),
(1055, '5910515077', '3', '2561', '256130015667006001', '0015667', '0060', '01', '', '2019-06-20 06:19:03'),
(1056, '5910515007', '3', '2561', '256130015667006001', '0015667', '0060', '01', '', '2019-06-20 06:19:03'),
(1057, '5910515100', '3', '2561', '256130015667006001', '0015667', '0060', '01', '', '2019-06-20 06:19:03'),
(1058, '5910515065', '3', '2561', '256130015667006001', '0015667', '0060', '01', '', '2019-06-20 06:19:03'),
(1059, '5910515108', '3', '2561', '256130015667006001', '0015667', '0060', '01', '', '2019-06-20 06:19:03'),
(1060, '5910515003', '3', '2561', '256130015667006001', '0015667', '0060', '01', '', '2019-06-20 06:19:03'),
(1061, '5910515090', '3', '2561', '256130015667006001', '0015667', '0060', '01', '', '2019-06-20 06:19:03'),
(1062, '5910515097', '3', '2561', '256130015667006001', '0015667', '0060', '01', '', '2019-06-20 06:19:03'),
(1063, '5910514013', '3', '2561', '256130015424005901', '0015424', '0059', '01', '', '2019-06-20 06:19:03'),
(1064, '5910514010', '3', '2561', '256130015424005901', '0015424', '0059', '01', '', '2019-06-20 06:19:03'),
(1065, '5910514031', '3', '2561', '256130015424005901', '0015424', '0059', '01', '', '2019-06-20 06:19:03'),
(1066, '5910514050', '3', '2561', '256130015424005901', '0015424', '0059', '01', '', '2019-06-20 06:19:03'),
(1067, '5910514085', '3', '2561', '256130015424005901', '0015424', '0059', '01', '', '2019-06-20 06:19:03'),
(1068, '5910514086', '3', '2561', '256130015424005901', '0015424', '0059', '01', '', '2019-06-20 06:19:03'),
(1069, '5910514036', '3', '2561', '256130015424005901', '0015424', '0059', '01', '', '2019-06-20 06:19:03'),
(1070, '5910514029', '3', '2561', '256130015424005901', '0015424', '0059', '01', '', '2019-06-20 06:19:03'),
(1071, '5910514022', '3', '2561', '256130015424005901', '0015424', '0059', '01', '', '2019-06-20 06:19:03'),
(1072, '5910514019', '3', '2561', '256130015424005901', '0015424', '0059', '01', '', '2019-06-20 06:19:03'),
(1073, '5910514030', '3', '2561', '256130015424005901', '0015424', '0059', '01', '', '2019-06-20 06:19:03'),
(1074, '5910514104', '3', '2561', '256130015424005901', '0015424', '0059', '01', '', '2019-06-20 06:19:03'),
(1075, '5910514032', '3', '2561', '256130015424005901', '0015424', '0059', '01', '', '2019-06-20 06:19:03'),
(1076, '5910514081', '3', '2561', '256130015424005901', '0015424', '0059', '01', '', '2019-06-20 06:19:03'),
(1077, '5910514067', '3', '2561', '256130015424005901', '0015424', '0059', '01', '', '2019-06-20 06:19:03'),
(1078, '5910514021', '3', '2561', '256130015424005901', '0015424', '0059', '01', '', '2019-06-20 06:19:03'),
(1079, '5910514064', '3', '2561', '256130015424005901', '0015424', '0059', '01', '', '2019-06-20 06:19:03'),
(1080, '5910514023', '3', '2561', '256130015424005901', '0015424', '0059', '01', '', '2019-06-20 06:19:03'),
(1081, '5910514039', '3', '2561', '256130015424005901', '0015424', '0059', '01', '', '2019-06-20 06:19:03'),
(1082, '5910514110', '3', '2561', '256130015424005901', '0015424', '0059', '01', '', '2019-06-20 06:19:03'),
(1083, '5910514091', '3', '2561', '256130015424005901', '0015424', '0059', '01', '', '2019-06-20 06:19:03'),
(1084, '5910514095', '3', '2561', '256130015424005901', '0015424', '0059', '01', '', '2019-06-20 06:19:03'),
(1085, '6010514029', '3', '2561', '256130015424005901', '0015424', '0059', '01', '', '2019-06-20 06:19:03'),
(1086, '5910514007', '3', '2561', '256130015424005901', '0015424', '0059', '01', '', '2019-06-20 06:19:03'),
(1087, '5910514025', '3', '2561', '256130015424005901', '0015424', '0059', '01', '', '2019-06-20 06:19:03'),
(1088, '5910514083', '3', '2561', '256130015424005901', '0015424', '0059', '01', '', '2019-06-20 06:19:03'),
(1089, '5910514015', '3', '2561', '256130015424005901', '0015424', '0059', '01', '', '2019-06-20 06:19:03'),
(1090, '5910514071', '3', '2561', '256130015424005901', '0015424', '0059', '01', '', '2019-06-20 06:19:03'),
(1091, '5910514051', '3', '2561', '256130015424005901', '0015424', '0059', '01', '', '2019-06-20 06:19:03'),
(1092, '5910514082', '3', '2561', '256130015424005901', '0015424', '0059', '01', '', '2019-06-20 06:19:03'),
(1093, '5910514080', '3', '2561', '256130015424005901', '0015424', '0059', '01', '', '2019-06-20 06:19:03'),
(1094, '5910514047', '3', '2561', '256130015424005901', '0015424', '0059', '01', '', '2019-06-20 06:19:03'),
(1095, '5910514074', '3', '2561', '256130015424005901', '0015424', '0059', '01', '', '2019-06-20 06:19:03'),
(1096, '5910514037', '3', '2561', '256130015424005901', '0015424', '0059', '01', '', '2019-06-20 06:19:03'),
(1097, '5910514107', '3', '2561', '256130015424005901', '0015424', '0059', '01', '', '2019-06-20 06:19:03'),
(1098, '5910514004', '3', '2561', '256130015424005901', '0015424', '0059', '01', '', '2019-06-20 06:19:03'),
(1099, '5910514090', '3', '2561', '256130015424005901', '0015424', '0059', '01', '', '2019-06-20 06:19:03'),
(1100, '5910514046', '3', '2561', '256130015424005901', '0015424', '0059', '01', '', '2019-06-20 06:19:03'),
(1101, '5910514054', '3', '2561', '256130015424005901', '0015424', '0059', '01', '', '2019-06-20 06:19:03'),
(1102, '5910514100', '3', '2561', '256130015424005901', '0015424', '0059', '01', '', '2019-06-20 06:19:03'),
(1103, '5910514102', '3', '2561', '256130015424005901', '0015424', '0059', '01', '', '2019-06-20 06:19:03'),
(1104, '5910514087', '3', '2561', '256130015424005901', '0015424', '0059', '01', '', '2019-06-20 06:19:03'),
(1105, '5910514061', '3', '2561', '256130015424005901', '0015424', '0059', '01', '', '2019-06-20 06:19:03'),
(1106, '5910514094', '3', '2561', '256130015424005901', '0015424', '0059', '01', '', '2019-06-20 06:19:03'),
(1107, '5910514079', '3', '2561', '256130015424005901', '0015424', '0059', '01', '', '2019-06-20 06:19:03'),
(1108, '5910514048', '3', '2561', '256130015424005901', '0015424', '0059', '01', '', '2019-06-20 06:19:03'),
(1109, '5910514098', '3', '2561', '256130015424005901', '0015424', '0059', '01', '', '2019-06-20 06:19:03'),
(1110, '5910514045', '3', '2561', '256130015424005901', '0015424', '0059', '01', '', '2019-06-20 06:19:03'),
(1111, '5910514020', '3', '2561', '256130015424005901', '0015424', '0059', '01', '', '2019-06-20 06:19:03'),
(1112, '5910514093', '3', '2561', '256130015424005901', '0015424', '0059', '01', '', '2019-06-20 06:19:03'),
(1113, '5910514058', '3', '2561', '256130015424005901', '0015424', '0059', '01', '', '2019-06-20 06:19:03'),
(1114, '5910514097', '3', '2561', '256130015424005901', '0015424', '0059', '01', '', '2019-06-20 06:19:03'),
(1115, '5910514105', '3', '2561', '256130015424005901', '0015424', '0059', '01', '', '2019-06-20 06:19:03'),
(1116, '5910514060', '3', '2561', '256130015424005901', '0015424', '0059', '01', '', '2019-06-20 06:19:03'),
(1117, '6010514028', '3', '2561', '256130015424005901', '0015424', '0059', '01', '', '2019-06-20 06:19:03'),
(1118, '6010514031', '3', '2561', '256130015424005901', '0015424', '0059', '01', '', '2019-06-20 06:19:03'),
(1119, '5810514129', '3', '2561', '256130015424005901', '0015424', '0059', '01', '', '2019-06-20 06:19:03'),
(1120, '5910514018', '3', '2561', '256130015424005901', '0015424', '0059', '01', '', '2019-06-20 06:19:03'),
(1121, '5910514028', '3', '2561', '256130015424005901', '0015424', '0059', '01', '', '2019-06-20 06:19:03'),
(1122, '6210521041', '3', '2561', '256130020152005901', '0020152', '0059', '01', '', '2019-06-20 06:19:03'),
(1123, '6210521004', '3', '2561', '256130020152005901', '0020152', '0059', '01', '', '2019-06-20 06:19:03'),
(1124, '6210521041', '3', '2561', '256130020153005901', '0020153', '0059', '01', '', '2019-06-20 06:19:03'),
(1125, '6210521004', '3', '2561', '256130020153005901', '0020153', '0059', '01', '', '2019-06-20 06:19:03'),
(1126, '6210521026', '3', '2561', '256130020153005901', '0020153', '0059', '01', '', '2019-06-20 06:19:03'),
(1127, '6210521041', '3', '2561', '256130020154005901', '0020154', '0059', '01', '', '2019-06-20 06:19:03'),
(1128, '6210521004', '3', '2561', '256130020154005901', '0020154', '0059', '01', '', '2019-06-20 06:19:03'),
(1129, '6210521026', '3', '2561', '256130020154005901', '0020154', '0059', '01', '', '2019-06-20 06:19:03'),
(1130, '6010516014', '3', '2561', '256130020734005901', '0020734', '0059', '01', '', '2019-06-20 06:19:03'),
(1131, '5910519038', '3', '2561', '256130016699005901', '0016699', '0059', '01', '', '2019-06-20 06:19:03'),
(1132, '5910519036', '3', '2561', '256130016699005901', '0016699', '0059', '01', '', '2019-06-20 06:19:03'),
(1133, '5910519079', '3', '2561', '256130016699005901', '0016699', '0059', '01', '', '2019-06-20 06:19:03'),
(1134, '5910519020', '3', '2561', '256130016699005901', '0016699', '0059', '01', '', '2019-06-20 06:19:03'),
(1135, '5910519027', '3', '2561', '256130016699005901', '0016699', '0059', '01', '', '2019-06-20 06:19:03'),
(1136, '5910519025', '3', '2561', '256130016699005901', '0016699', '0059', '01', '', '2019-06-20 06:19:03'),
(1137, '5910519016', '3', '2561', '256130016699005901', '0016699', '0059', '01', '', '2019-06-20 06:19:03'),
(1138, '5910519024', '3', '2561', '256130016699005901', '0016699', '0059', '01', '', '2019-06-20 06:19:03'),
(1139, '5910519032', '3', '2561', '256130016699005901', '0016699', '0059', '01', '', '2019-06-20 06:19:03'),
(1140, '5910519011', '3', '2561', '256130016699005901', '0016699', '0059', '01', '', '2019-06-20 06:19:03'),
(1141, '5910519003', '3', '2561', '256130016699005901', '0016699', '0059', '01', '', '2019-06-20 06:19:03'),
(1142, '5910519037', '3', '2561', '256130016699005901', '0016699', '0059', '01', '', '2019-06-20 06:19:03'),
(1143, '5910519029', '3', '2561', '256130016699005901', '0016699', '0059', '01', '', '2019-06-20 06:19:03'),
(1144, '5910519035', '3', '2561', '256130016699005901', '0016699', '0059', '01', '', '2019-06-20 06:19:03'),
(1145, '5910519033', '3', '2561', '256130016699005901', '0016699', '0059', '01', '', '2019-06-20 06:19:03'),
(1146, '5910519005', '3', '2561', '256130016699005901', '0016699', '0059', '01', '', '2019-06-20 06:19:03'),
(1147, '5910519014', '3', '2561', '256130016699005901', '0016699', '0059', '01', '', '2019-06-20 06:19:03'),
(1148, '5910519008', '3', '2561', '256130016699005901', '0016699', '0059', '01', '', '2019-06-20 06:19:03'),
(1149, '5910519009', '3', '2561', '256130016699005901', '0016699', '0059', '01', '', '2019-06-20 06:19:03'),
(1150, '5910519010', '3', '2561', '256130016699005901', '0016699', '0059', '01', '', '2019-06-20 06:19:03'),
(1151, '5910519004', '3', '2561', '256130016699005901', '0016699', '0059', '01', '', '2019-06-20 06:19:03'),
(1152, '5910519053', '3', '2561', '256130016699005901', '0016699', '0059', '01', '', '2019-06-20 06:19:03'),
(1153, '5910519007', '3', '2561', '256130016699005901', '0016699', '0059', '01', '', '2019-06-20 06:19:03'),
(1154, '5910519015', '3', '2561', '256130016699005901', '0016699', '0059', '01', '', '2019-06-20 06:19:03'),
(1155, '5910519018', '3', '2561', '256130016699005901', '0016699', '0059', '01', '', '2019-06-20 06:19:03'),
(1156, '5910519012', '3', '2561', '256130016699005901', '0016699', '0059', '01', '', '2019-06-20 06:19:03'),
(1157, '5910519006', '3', '2561', '256130016699005901', '0016699', '0059', '01', '', '2019-06-20 06:19:03'),
(1158, '5910519013', '3', '2561', '256130016699005901', '0016699', '0059', '01', '', '2019-06-20 06:19:03'),
(1159, '5910519026', '3', '2561', '256130016699005901', '0016699', '0059', '01', '', '2019-06-20 06:19:03'),
(1160, '5910519022', '3', '2561', '256130016699005901', '0016699', '0059', '01', '', '2019-06-20 06:19:03'),
(1161, '5910519031', '3', '2561', '256130016699005901', '0016699', '0059', '01', '', '2019-06-20 06:19:03'),
(1162, '5910519023', '3', '2561', '256130016699005901', '0016699', '0059', '01', '', '2019-06-20 06:19:03'),
(1163, '5910519002', '3', '2561', '256130016699005901', '0016699', '0059', '01', '', '2019-06-20 06:19:03'),
(1164, '5910519028', '3', '2561', '256130016699005901', '0016699', '0059', '01', '', '2019-06-20 06:19:03'),
(1165, '5910519055', '3', '2561', '256130016699005901', '0016699', '0059', '01', '', '2019-06-20 06:19:03'),
(1166, '5910519055', '3', '2561', '256130016699005901', '0016699', '0059', '01', '', '2019-06-20 06:19:03'),
(1167, '5910519001', '3', '2561', '256130016699005901', '0016699', '0059', '01', '', '2019-06-20 06:19:03'),
(1168, '5910519034', '3', '2561', '256130016699005901', '0016699', '0059', '01', '', '2019-06-20 06:19:03'),
(1169, '5910519021', '3', '2561', '256130016699005901', '0016699', '0059', '01', '', '2019-06-20 06:19:03'),
(1170, '5910519079', '3', '2561', '256130016699005901', '0016699', '0059', '01', '', '2019-06-20 06:19:03');

-- --------------------------------------------------------

--
-- Table structure for table `user_logs`
--

CREATE TABLE `user_logs` (
  `session_id` varchar(30) COLLATE utf8_unicode_ci NOT NULL COMMENT 'Session ID',
  `user_id` varchar(10) COLLATE utf8_unicode_ci NOT NULL COMMENT 'User ID',
  `login_datetime` timestamp NOT NULL DEFAULT current_timestamp() COMMENT 'Login Date & Time',
  `logout_datetime` timestamp NOT NULL DEFAULT current_timestamp() COMMENT 'Logout Date & Time'
) ENGINE=InnoDB DEFAULT CHARSET=utf8 COLLATE=utf8_unicode_ci;

-- --------------------------------------------------------

--
-- Table structure for table `verification_avg`
--

CREATE TABLE `verification_avg` (
  `course_id` varchar(10) COLLATE utf8_unicode_ci NOT NULL COMMENT 'Course ID',
  `lecturer_id` varchar(15) COLLATE utf8_unicode_ci NOT NULL COMMENT 'Lecturer ID',
  `semester` char(1) COLLATE utf8_unicode_ci NOT NULL COMMENT 'Semester 1=1, Semester 2=2, Semester 3=3',
  `ac_year` char(4) COLLATE utf8_unicode_ci NOT NULL COMMENT 'Academic Year',
  `section` varchar(2) COLLATE utf8_unicode_ci NOT NULL COMMENT 'Section "01", "02", ...',
  `elo_id` varchar(18) COLLATE utf8_unicode_ci NOT NULL COMMENT 'ELO ID',
  `is_verified` tinyint(1) NOT NULL COMMENT 'Is it verified?',
  `no_students` smallint(6) NOT NULL COMMENT 'Number of Students',
  `score_sum` int(11) NOT NULL COMMENT 'Score Summation'
) ENGINE=InnoDB DEFAULT CHARSET=utf8 COLLATE=utf8_unicode_ci;

-- --------------------------------------------------------

--
-- Table structure for table `verification_courses`
--

CREATE TABLE `verification_courses` (
  `verification_id` int(11) NOT NULL COMMENT 'Verification ID',
  `student_id` varchar(15) COLLATE utf8_unicode_ci NOT NULL COMMENT 'Student ID',
  `course_id` varchar(10) COLLATE utf8_unicode_ci NOT NULL COMMENT 'Course ID',
  `lecturer_id` varchar(15) COLLATE utf8_unicode_ci NOT NULL COMMENT 'Lecturer ID',
  `section` varchar(2) COLLATE utf8_unicode_ci NOT NULL COMMENT 'Section',
  `semester` char(1) COLLATE utf8_unicode_ci NOT NULL COMMENT 'Semester 1=1, Semester 2=2, Semester 3=3',
  `ac_year` char(4) COLLATE utf8_unicode_ci NOT NULL COMMENT 'Academic Year',
  `score_avg` decimal(10,4) NOT NULL COMMENT 'Average Score',
  `verified_date` timestamp NOT NULL DEFAULT current_timestamp() ON UPDATE current_timestamp() COMMENT 'Verified Date'
) ENGINE=InnoDB DEFAULT CHARSET=utf8 COLLATE=utf8_unicode_ci;

-- --------------------------------------------------------

--
-- Table structure for table `verification_elos`
--

CREATE TABLE `verification_elos` (
  `verification_id` int(11) NOT NULL,
  `elo_id` varchar(18) COLLATE utf8_unicode_ci NOT NULL,
  `is_verified` tinyint(1) NOT NULL COMMENT 'Is it verified?',
  `score` tinyint(4) NOT NULL COMMENT 'Score'
) ENGINE=InnoDB DEFAULT CHARSET=utf8 COLLATE=utf8_unicode_ci;

--
-- Indexes for dumped tables
--

--
-- Indexes for table `courses`
--
ALTER TABLE `courses`
  ADD PRIMARY KEY (`course_id`);

--
-- Indexes for table `departments`
--
ALTER TABLE `departments`
  ADD PRIMARY KEY (`dept_id`);

--
-- Indexes for table `elos`
--
ALTER TABLE `elos`
  ADD PRIMARY KEY (`elo_id`);

--
-- Indexes for table `elos_mapping`
--
ALTER TABLE `elos_mapping`
  ADD PRIMARY KEY (`course_id`,`elo_id`);

--
-- Indexes for table `lecturers`
--
ALTER TABLE `lecturers`
  ADD PRIMARY KEY (`lecturer_id`);

--
-- Indexes for table `majors`
--
ALTER TABLE `majors`
  ADD PRIMARY KEY (`major_id`);

--
-- Indexes for table `student_regist`
--
ALTER TABLE `student_regist`
  ADD PRIMARY KEY (`regist_id`);

--
-- Indexes for table `user_logs`
--
ALTER TABLE `user_logs`
  ADD PRIMARY KEY (`session_id`);

--
-- Indexes for table `verification_courses`
--
ALTER TABLE `verification_courses`
  ADD PRIMARY KEY (`verification_id`);

--
-- Indexes for table `verification_elos`
--
ALTER TABLE `verification_elos`
  ADD PRIMARY KEY (`verification_id`);

--
-- AUTO_INCREMENT for dumped tables
--

--
-- AUTO_INCREMENT for table `courses`
--
ALTER TABLE `courses`
  MODIFY `course_id` int(11) NOT NULL AUTO_INCREMENT COMMENT 'Course ID', AUTO_INCREMENT=22552;

--
-- AUTO_INCREMENT for table `student_regist`
--
ALTER TABLE `student_regist`
  MODIFY `regist_id` int(5) NOT NULL AUTO_INCREMENT, AUTO_INCREMENT=1171;

--
-- AUTO_INCREMENT for table `verification_courses`
--
ALTER TABLE `verification_courses`
  MODIFY `verification_id` int(11) NOT NULL AUTO_INCREMENT COMMENT 'Verification ID';
COMMIT;

/*!40101 SET CHARACTER_SET_CLIENT=@OLD_CHARACTER_SET_CLIENT */;
/*!40101 SET CHARACTER_SET_RESULTS=@OLD_CHARACTER_SET_RESULTS */;
/*!40101 SET COLLATION_CONNECTION=@OLD_COLLATION_CONNECTION */;
